chromosome	start	end	segValA	segValB	sample
1	840001	8490000	1.221111064	2.102882269	JBLAB-4102
1	8490001	202110000	1.941844525	3.589890224	JBLAB-4102
1	202110001	235050000	1.196542414	2.874486389	JBLAB-4102
1	235050001	249210000	1.921476677	3.015055004	JBLAB-4102
2	30001	240870000	2.028353832	3.336081859	JBLAB-4102
2	240870001	2.43E+08	1.466734733	3.163796141	JBLAB-4102
3	90001	50250000	1.313236582	2.946990555	JBLAB-4102
3	50250001	133950000	2.102403812	3.425687035	JBLAB-4102
3	133950001	148920000	2.961885548	4.725870673	JBLAB-4102
3	148920001	149700000	3.836331073	5.713836269	JBLAB-4102
3	149700001	197820000	2.987044506	4.077502182	JBLAB-4102
4	90001	190800000	1.931115256	3.583680439	JBLAB-4102
5	60001	180690000	1.956649136	3.847642716	JBLAB-4102
6	210001	12870000	1.726665615	3.147108488	JBLAB-4102
6	12870001	55860000	2.56149117	3.707960656	JBLAB-4102
6	55860001	57630000	3.525780106	5.376340419	JBLAB-4102
6	57630001	84660000	1.945533031	3.887238934	JBLAB-4102
6	84660001	170910000	1.164550625	2.769078281	JBLAB-4102
7	30001	159120000	2.032135727	3.073946856	JBLAB-4102
8	180001	38370000	1.196021933	2.208490667	JBLAB-4102
8	38370001	39240000	2.03453707	3.474363074	JBLAB-4102
8	39240001	39390000	-0.78461697	0.233698656	JBLAB-4102
8	39390001	53370000	1.967715492	3.039187001	JBLAB-4102
8	53370001	53910000	3.317512645	4.987597269	JBLAB-4102
8	53910001	115950000	2.055975237	3.993506899	JBLAB-4102
8	115950001	146310000	3.330174513	5.2431601	JBLAB-4102
9	210001	78870000	1.024477687	2.189074441	JBLAB-4102
9	78870001	1.41E+08	1.731756892	3.395464417	JBLAB-4102
10	120001	135420000	1.855393862	2.921909429	JBLAB-4102
11	210001	134940000	1.981651338	3.662927996	JBLAB-4102
12	180001	7200000	2.848461488	3.940048836	JBLAB-4102
12	7230001	104070000	2.044444125	3.986720581	JBLAB-4102
12	104070001	133830000	2.731562559	4.019251202	JBLAB-4102
13	19530001	115110000	1.560359276	3.466570342	JBLAB-4102
14	20190001	107310000	1.959952377	3.939545779	JBLAB-4102
15	22320001	48390000	1.958372322	3.68097381	JBLAB-4102
15	48390001	75510000	2.714663892	3.83231738	JBLAB-4102
15	75510001	90450000	2.000684167	3.380524304	JBLAB-4102
15	90450001	102390000	2.720535376	4.710672742	JBLAB-4102
16	90001	660000	1.071997315	2.360005394	JBLAB-4102
16	660001	66930000	1.848034364	3.758987891	JBLAB-4102
16	66930001	84060000	1.116183906	2.550275002	JBLAB-4102
16	84060001	90150000	1.934832384	2.959699043	JBLAB-4102
17	1	5850000	0.991872778	2.211698874	JBLAB-4102
17	5850001	7590000	1.536546528	3.136169494	JBLAB-4102
17	7590001	46530000	0.996782918	2.17156474	JBLAB-4102
17	46530001	81090000	1.803426069	3.025151594	JBLAB-4102
18	150001	48360000	0.996143355	2.322538378	JBLAB-4102
18	48360001	48630000	0.235723189	1.306723389	JBLAB-4102
18	48630001	78030000	0.998993176	2.210360951	JBLAB-4102
19	270001	59100000	1.760229967	3.055176779	JBLAB-4102
20	60001	62910000	2.03624773	3.528126935	JBLAB-4102
21	15480001	48090000	1.871804034	3.747103861	JBLAB-4102
22	17280001	25620000	1.094549485	2.339085593	JBLAB-4102
22	25710001	25920000	2.973112947	4.543268191	JBLAB-4102
22	25920001	31140000	0.93015317	2.576775494	JBLAB-4102
22	31140001	31890000	1.943849622	3.792857327	JBLAB-4102
22	31890001	51180000	0.987288197	2.405252176	JBLAB-4102
1	840001	249210000	2.021613336	3.293318544	IM_3
2	30001	113820000	2.018742582	3.888280687	IM_3
2	113820001	114750000	2.755712122	4.695892394	IM_3
2	114750001	222780000	2.050623907	3.85960611	IM_3
2	222780001	2.43E+08	1.040270769	2.272194755	IM_3
3	90001	510000	2.704471625	3.958251052	IM_3
3	510001	13830000	1.953817523	3.37323892	IM_3
3	13830001	14700000	2.407121334	4.377002236	IM_3
3	14700001	63270000	1.02824846	2.191413989	IM_3
3	63270001	63840000	2.639098299	3.995254605	IM_3
3	63840001	64800000	3.698096622	5.299767249	IM_3
3	64800001	83520000	2.959159913	4.494069275	IM_3
3	83520001	84150000	1.814514224	3.644818994	IM_3
3	84180001	86880000	2.950898011	4.76036391	IM_3
3	86880001	101520000	1.960497318	3.049047612	IM_3
3	101520001	101970000	2.831366877	4.350607602	IM_3
3	101970001	148890000	2.038942777	3.274712535	IM_3
3	148890001	168570000	2.99022555	4.793752621	IM_3
3	168570001	168870000	4.965047506	6.790352884	IM_3
3	168870001	171780000	3.301867043	4.412617646	IM_3
3	171780001	172410000	4.290871248	5.571714535	IM_3
3	172410001	197820000	3.081254472	4.958215105	IM_3
4	90001	69180000	1.929897338	3.457701979	IM_3
4	69180001	70440000	2.497833113	4.164672173	IM_3
4	70440001	190800000	2.025358506	3.490668157	IM_3
5	60001	180690000	1.986759208	3.440996898	IM_3
6	210001	170910000	2.050623907	3.846436101	IM_3
7	30001	70290000	1.95852123	3.135577973	IM_3
7	70290001	71970000	1.417089524	3.171324668	IM_3
7	72720001	159120000	1.985026041	3.862871036	IM_3
8	180001	40440000	0.940420817	1.942562171	IM_3
8	40440001	41430000	3.306765326	4.921872517	IM_3
8	41430001	42960000	4.141204676	5.421832769	IM_3
8	42960001	43380000	3.343443099	4.626605244	IM_3
8	47490001	64380000	1.938085253	3.236886917	IM_3
8	64380001	66630000	2.673344981	3.6959022	IM_3
8	66630001	67380000	2.055961725	3.990327386	IM_3
8	67380001	67590000	3.207845161	5.16566294	IM_3
8	67590001	68190000	2.011336541	3.177264864	IM_3
8	68190001	69510000	3.22648113	4.776362761	IM_3
8	69510001	71040000	2.543204412	4.256940244	IM_3
8	71040001	71970000	3.162511623	5.097524029	IM_3
8	71970001	73410000	1.876298328	3.621438978	IM_3
8	73410001	75360000	3.033257274	4.088230751	IM_3
8	75360001	76230000	2.203213275	4.083946136	IM_3
8	76230001	76770000	2.847294127	3.921422914	IM_3
8	76770001	77400000	3.924262264	5.591643052	IM_3
8	77400001	79050000	2.827059441	4.780694158	IM_3
8	79050001	82140000	4.221868026	5.65501174	IM_3
8	82140001	82920000	3.144331493	4.228241772	IM_3
8	82920001	88500000	1.906157193	3.682624632	IM_3
8	88500001	89550000	0.896748299	2.778350551	IM_3
8	89550001	94230000	1.961359842	3.680114848	IM_3
8	94230001	96720000	1.070349445	2.73236932	IM_3
8	96720001	99150000	2.047956949	3.755235525	IM_3
8	99150001	102780000	3.190427949	4.280206166	IM_3
8	102780001	108090000	4.022541636	5.30934128	IM_3
8	108090001	108450000	5.231273499	6.424968004	IM_3
8	108450001	110670000	3.864218207	5.36128816	IM_3
8	110670001	126780000	3.025677786	4.039861461	IM_3
8	126780001	135870000	5.06945619	6.861629142	IM_3
8	135870001	142410000	4.214627408	5.484793889	IM_3
8	142410001	144990000	3.585503426	4.991173299	IM_3
8	144990001	146310000	4.943640967	6.104332991	IM_3
9	210001	79650000	1.974927107	3.235479603	IM_3
9	79650001	1.41E+08	1.013416451	2.045953185	IM_3
10	120001	10770000	1.014885228	2.117500776	IM_3
10	10770001	81390000	1.996374035	3.852319003	IM_3
10	81690001	94020000	0.976191374	2.396233398	IM_3
10	94020001	135420000	1.981777868	3.754984989	IM_3
11	210001	50190000	1.999486282	3.561288706	IM_3
11	50190001	62910000	1.001803868	2.455328282	IM_3
11	62910001	66900000	2.984552054	4.068338321	IM_3
11	66900001	74340000	4.032997658	5.618711209	IM_3
11	74340001	82440000	1.947397091	3.102807305	IM_3
11	82440001	84990000	3.951910054	5.516375254	IM_3
11	84990001	86460000	6.228483359	7.433073792	IM_3
11	86460001	87810000	4.496395436	5.627088057	IM_3
11	87810001	134940000	1.001947344	2.977736269	IM_3
12	180001	133830000	1.968049171	3.069834274	IM_3
13	19530001	115110000	2.003361017	3.01299609	IM_3
14	20190001	68430000	1.975071243	3.165915114	IM_3
14	68430001	69180000	2.820520502	4.597362009	IM_3
14	69180001	107310000	1.968301084	3.209559799	IM_3
15	22320001	22590000	3.899535089	5.607562236	IM_3
15	22770001	102390000	1.991419881	3.503462804	IM_3
16	90001	90150000	1.872940317	3.84400442	IM_3
17	1	33870000	1.941091889	3.414787737	IM_3
17	33870001	74190000	2.98370564	3.989268498	IM_3
17	74190001	81090000	1.028884732	2.484945325	IM_3
18	150001	40710000	1.939051484	3.79167369	IM_3
18	40710001	78030000	0.953912892	2.207226105	IM_3
19	270001	59100000	1.875414428	3.659202661	IM_3
20	60001	20730000	1.028942581	2.426696711	IM_3
20	20730001	62910000	2.884263735	4.353472698	IM_3
21	15480001	48090000	1.928397014	3.687149124	IM_3
22	17280001	51180000	1.931004997	3.641946128	IM_3
1	840001	8520000	1.059107365	2.967011814	JBLAB-4103
1	8520001	12060000	1.874011918	2.904964512	JBLAB-4103
1	12060001	12720000	2.470450751	3.949225039	JBLAB-4103
1	12720001	14730000	1.893501206	3.496500902	JBLAB-4103
1	14730001	15090000	2.8178996	4.252287676	JBLAB-4103
1	15090001	202110000	1.924315292	2.990635783	JBLAB-4103
1	202110001	221760000	1.151954269	2.476854238	JBLAB-4103
1	221760001	234990000	1.83672399	3.044882707	JBLAB-4103
1	234990001	249210000	2.625854271	4.140462295	JBLAB-4103
2	30001	240660000	1.933126975	3.128253002	JBLAB-4103
2	240660001	2.43E+08	1.426057032	3.292587414	JBLAB-4103
3	90001	50280000	1.222978143	3.074910954	JBLAB-4103
3	50280001	133980000	2.034004683	3.833988194	JBLAB-4103
3	133980001	148890000	2.87543982	4.715362011	JBLAB-4103
3	148890001	149670000	4.178990904	5.783437926	JBLAB-4103
3	149670001	197820000	2.941241022	4.617487323	JBLAB-4103
4	90001	190800000	2.010301867	3.808610991	JBLAB-4103
5	60001	180690000	1.917796249	3.460163473	JBLAB-4103
6	210001	12780000	1.561393456	2.587065137	JBLAB-4103
6	12780001	55950000	2.533125499	3.763496789	JBLAB-4103
6	55950001	57180000	3.70479593	5.527477779	JBLAB-4103
6	57600001	84720000	1.841142196	3.101575092	JBLAB-4103
6	84720001	170910000	1.112098342	2.691599321	JBLAB-4103
7	30001	159120000	2.009649947	3.42226343	JBLAB-4103
8	180001	38340000	1.187967066	2.894170973	JBLAB-4103
8	38340001	39240000	2.038298813	3.626389404	JBLAB-4103
8	39240001	39390000	-0.684303255	1.233700119	JBLAB-4103
8	39390001	53370000	2.021432701	3.448804869	JBLAB-4103
8	53370001	53910000	3.03693912	4.099432878	JBLAB-4103
8	53910001	115950000	2.038189598	3.377109463	JBLAB-4103
8	115950001	146310000	3.239929377	5.199354732	JBLAB-4103
9	210001	78870000	0.971870077	2.326659837	JBLAB-4103
9	78870001	1.41E+08	1.75305442	3.470311973	JBLAB-4103
10	120001	135420000	2.01048297	3.672093361	JBLAB-4103
11	210001	32250000	1.991860943	3.911609627	JBLAB-4103
11	32250001	32400000	3.706455938	5.426073304	JBLAB-4103
11	32400001	134940000	1.981366761	3.667786074	JBLAB-4103
12	180001	7200000	2.846942878	4.314787256	JBLAB-4103
12	7230001	104070000	2.052843566	3.714805992	JBLAB-4103
12	104070001	120660000	2.79801405	3.901624507	JBLAB-4103
12	120660001	120750000	5.859594852	7.357549007	JBLAB-4103
12	120750001	133830000	2.503187501	4.164727584	JBLAB-4103
13	19530001	115110000	1.60604277	3.058732215	JBLAB-4103
14	20190001	107310000	1.99760347	3.307706963	JBLAB-4103
15	22320001	48390000	1.976577224	3.738531247	JBLAB-4103
15	48390001	48840000	3.296308902	5.179089907	JBLAB-4103
15	48840001	76500000	2.868834376	4.33833927	JBLAB-4103
15	76500001	90360000	1.984213686	3.462812794	JBLAB-4103
15	90360001	102390000	2.768597833	4.015902813	JBLAB-4103
16	90001	690000	1.27109271	2.952503308	JBLAB-4103
16	690001	66930000	1.948609535	3.663209224	JBLAB-4103
16	66930001	8.40E+07	1.174999159	2.81858272	JBLAB-4103
16	84000001	90150000	1.942597098	3.812542971	JBLAB-4103
17	1	6270000	0.943249821	2.380536111	JBLAB-4103
17	6270001	7530000	1.361584296	2.732233384	JBLAB-4103
17	7530001	36840000	0.968193748	2.490617899	JBLAB-4103
17	36840001	46500000	1.359023303	3.200886387	JBLAB-4103
17	46500001	75900000	2.128915076	3.164399174	JBLAB-4103
17	75900001	80070000	1.411854626	2.551041469	JBLAB-4103
17	80070001	81090000	2.158776377	3.62970209	JBLAB-4103
18	150001	3720000	1.028393091	2.869776377	JBLAB-4103
18	3720001	5700000	0.679143049	2.348430305	JBLAB-4103
18	5700001	48360000	0.982293745	2.556405797	JBLAB-4103
18	48360001	48630000	0.168695651	1.566137908	JBLAB-4103
18	48630001	78030000	0.951118735	2.459917918	JBLAB-4103
19	270001	10290000	1.432934673	2.885930092	JBLAB-4103
19	10290001	59100000	1.843352729	3.778754728	JBLAB-4103
20	60001	62910000	2.015592535	3.701923625	JBLAB-4103
21	15480001	48090000	1.832519721	3.063412377	JBLAB-4103
22	17280001	30990000	0.957529444	2.123943064	JBLAB-4103
22	30990001	31860000	1.731625052	2.900041211	JBLAB-4103
22	31860001	51180000	0.897652723	2.344267664	JBLAB-4103
1	840001	15750000	2.125338475	3.957585445	IM_182
1	15750001	16350000	3.353712462	4.47496079	IM_182
1	16350001	118380000	2.052636826	3.540410283	IM_182
1	118380001	119850000	2.908842429	4.379623892	IM_182
1	119850001	120540000	2.07263884	3.953204268	IM_182
1	121200001	151950000	4.110981282	6.012465567	IM_182
1	151950001	153450000	3.08280526	4.615779247	IM_182
1	153450001	249210000	4.010398341	5.130525268	IM_182
2	30001	32100000	3.868044496	5.83381851	IM_182
2	32100001	32970000	5.327120821	6.756046707	IM_182
2	32970001	97560000	4.066813103	5.646947223	IM_182
2	97560001	99180000	3.148993934	4.190723765	IM_182
2	99210001	115620000	2.503860355	4.240289157	IM_182
2	115620001	118350000	3.126470031	4.683548542	IM_182
2	118350001	125310000	2.048312243	3.292814219	IM_182
2	125310001	141060000	3.006299827	4.255117111	IM_182
2	141060001	203070000	4.024228056	5.65990582	IM_182
2	203070001	204240000	5.263140333	7.119583201	IM_182
2	204240001	241320000	3.928871586	4.928961293	IM_182
2	241320001	2.43E+08	2.967141271	4.178746136	IM_182
3	90001	70650000	2.134007396	3.677788915	IM_182
3	70650001	76860000	2.967806127	4.779769239	IM_182
3	76860001	90210000	2.220396834	3.858361274	IM_182
3	93540001	112950000	3.256252866	5.117502526	IM_182
3	112950001	114330000	11.13898369	12.60985758	IM_182
3	114330001	114990000	8.59294605	9.676148443	IM_182
3	114990001	115410000	7.501280198	8.755240752	IM_182
3	115410001	116340000	5.458361617	7.145400349	IM_182
3	116340001	121020000	3.956148291	5.927516087	IM_182
3	121020001	135810000	1.942224272	3.50940117	IM_182
3	135810001	136650000	2.797632784	4.194677393	IM_182
3	136650001	166230000	1.994981792	3.325743233	IM_182
3	166230001	197820000	3.025001518	4.150806767	IM_182
4	90001	107820000	1.996970406	3.955487496	IM_182
4	107820001	158220000	1.194572599	2.98379125	IM_182
4	158220001	190800000	1.740118546	3.308862705	IM_182
5	60001	45900000	2.042930689	3.193713833	IM_182
5	49560001	113730000	1.01319616	2.932859781	IM_182
5	113730001	180690000	1.976485123	3.169213784	IM_182
6	210001	39390000	2.96111618	4.566210687	IM_182
6	39390001	40920000	1.71296414	2.800129002	IM_182
6	40920001	41220000	3.212078049	4.282183245	IM_182
6	41220001	45450000	4.247524891	5.351594779	IM_182
6	45450001	62400000	2.973393468	4.170332697	IM_182
6	62400001	62670000	6.010394862	7.618198183	IM_182
6	62670001	161160000	2.038311715	3.311572375	IM_182
6	161160001	170910000	2.719931494	4.348448493	IM_182
7	30001	13650000	3.084517869	4.940015043	IM_182
7	13650001	15330000	2.000536917	3.099408965	IM_182
7	15330001	30180000	2.887826563	4.271051031	IM_182
7	30180001	31890000	1.760229293	3.707764809	IM_182
7	31890001	118530000	3.034438361	4.364064909	IM_182
7	118530001	132030000	4.335195534	5.619676622	IM_182
7	132030001	132750000	2.907348529	4.619170094	IM_182
7	132750001	157200000	4.104073862	5.481042776	IM_182
7	157200001	159120000	3.413698297	4.700830726	IM_182
8	180001	1830000	0.604879744	2.494811397	IM_182
8	1830001	34740000	1.039937034	2.830850043	IM_182
8	34740001	36300000	4.173176933	5.29323132	IM_182
8	36300001	37740000	3.075103639	4.103599365	IM_182
8	37740001	39630000	5.71133266	7.100464507	IM_182
8	39630001	42180000	4.902014999	6.060467272	IM_182
8	42180001	146310000	3.800868747	5.547362118	IM_182
9	210001	38190000	3.018032719	4.073384574	IM_182
9	38190001	1.41E+08	1.985312865	3.789613825	IM_182
10	120001	33060000	3.09114686	5.010643182	IM_182
10	33060001	35370000	2.134315891	3.236198662	IM_182
10	35400001	35760000	8.260177064	9.91596138	IM_182
10	35760001	46170000	5.191260098	6.320468882	IM_182
10	47580001	50070000	3.070468694	4.901091251	IM_182
10	50070001	52410000	9.258434307	10.5212467	IM_182
10	52530001	57180000	6.214030213	7.97546758	IM_182
10	57180001	57390000	2.31641299	4.300955618	IM_182
10	57390001	57840000	6.307872409	7.448587335	IM_182
10	57840001	63870000	2.207516366	3.635539426	IM_182
10	63870001	64260000	3.698404547	5.569438894	IM_182
10	64260001	84330000	2.256224659	4.129457353	IM_182
10	84330001	85650000	5.894542915	7.001998787	IM_182
10	85650001	88140000	4.680115508	5.700432881	IM_182
10	88140001	90630000	5.383583544	7.369117513	IM_182
10	90630001	110670000	2.157931413	4.010127648	IM_182
10	110670001	119940000	3.168212921	4.3996392	IM_182
10	119970001	121080000	2.075001715	3.978236225	IM_182
10	121080001	125250000	3.070468694	4.860044791	IM_182
10	125250001	127890000	4.266763861	5.920898172	IM_182
10	127890001	135420000	0.850635689	1.962668708	IM_182
11	210001	1410000	4.080372628	5.464633804	IM_182
11	1410001	13440000	1.940554691	3.548699318	IM_182
11	13440001	14460000	2.690158789	4.253983834	IM_182
11	14460001	20850000	5.01867286	6.612388785	IM_182
11	20850001	27570000	3.044380944	4.268486431	IM_182
11	27570001	31500000	1.914584365	3.822373363	IM_182
11	31500001	38490000	3.019416989	4.943385194	IM_182
11	38490001	47130000	1.975737743	3.041439611	IM_182
11	47160001	59520000	3.041423566	4.519044206	IM_182
11	59520001	85920000	2.057155057	3.163491451	IM_182
11	85920001	86940000	2.777268731	4.754852166	IM_182
11	86940001	94680000	1.954001982	3.318895812	IM_182
11	94680001	97830000	0.996359589	2.893258193	IM_182
11	97830001	134940000	1.966964613	3.417889906	IM_182
12	180001	133830000	3.123795468	4.370631368	IM_182
13	19530001	20430000	0.056310502	1.264757925	IM_182
13	20460001	63630000	2.017051542	3.948986208	IM_182
13	63660001	115110000	3.035691602	4.051490332	IM_182
14	20190001	22440000	3.034304099	4.97656158	IM_182
14	22440001	107310000	2.033167722	3.820882461	IM_182
15	22320001	102390000	1.977905461	3.921448804	IM_182
16	90001	31950000	4.250278336	5.611951694	IM_182
16	34230001	35100000	2.237199607	3.263095038	IM_182
16	35100001	48030000	4.266087232	5.66313754	IM_182
16	48030001	48150000	1.738307741	3.457291342	IM_182
16	48150001	49800000	3.959670773	5.062299486	IM_182
16	49800001	51750000	5.228827811	6.480467675	IM_182
16	51750001	53490000	7.200937415	8.704262934	IM_182
16	53490001	54660000	4.947959617	6.836741155	IM_182
16	54660001	55680000	2.988404202	4.364331886	IM_182
16	55680001	56400000	4.580997507	5.623713413	IM_182
16	56400001	64200000	2.003692618	3.211889973	IM_182
16	64200001	78090000	3.155045596	4.651600456	IM_182
16	78090001	80100000	5.920822245	7.520715721	IM_182
16	80100001	80280000	3.654338827	4.785188564	IM_182
16	80280001	90150000	5.326256962	6.369818836	IM_182
17	1	81090000	2.052864539	3.976491611	IM_182
18	150001	39690000	2.014904154	3.525540278	IM_182
18	39690001	40200000	2.983559886	4.013560164	IM_182
18	40200001	47550000	1.893601229	2.967326484	IM_182
18	47550001	78030000	0.977035308	2.501615002	IM_182
19	270001	11970000	2.280704396	3.75479544	IM_182
19	11970001	12270000	4.964228716	6.500236101	IM_182
19	12270001	13560000	7.946683384	9.184078728	IM_182
19	13560001	15540000	12.98406777	14.61237885	IM_182
19	15540001	16110000	8.16478818	9.365871511	IM_182
19	16110001	17010000	10.74924025	11.77649047	IM_182
19	17010001	20190000	8.055666103	9.40138369	IM_182
19	20280001	31830000	2.940908931	4.182924571	IM_182
19	31860001	36150000	2.205874284	3.275845723	IM_182
19	36150001	41490000	3.412331927	4.859332873	IM_182
19	41490001	56280000	2.016863137	3.057951101	IM_182
19	56280001	57450000	1.017442245	2.416251052	IM_182
19	57450001	58230000	1.926701073	3.749654441	IM_182
19	58230001	59100000	1.294055377	2.97743237	IM_182
20	60001	26160000	2.883710081	4.077729966	IM_182
20	29850001	62910000	3.872229278	5.095028857	IM_182
21	15480001	48090000	3.042498832	4.918963927	IM_182
22	17280001	51180000	1.015173029	2.777480537	IM_182
1	840001	118290000	2.006981279	4.001421239	IM_180
1	118290001	249210000	2.95320951	4.270782153	IM_180
2	30001	60810000	2.893995816	4.031518408	IM_180
2	60810001	63870000	3.533952542	5.132898397	IM_180
2	63870001	125370000	2.892821007	4.354789949	IM_180
2	125370001	201660000	3.848603011	4.892768647	IM_180
2	201660001	204300000	4.784369723	6.645973939	IM_180
2	204300001	241290000	3.826214675	5.485238515	IM_180
2	241290001	2.43E+08	2.874836474	4.083482753	IM_180
3	90001	46560000	2.901398123	4.564621441	IM_180
3	46560001	51600000	3.546441169	4.979873606	IM_180
3	51600001	197820000	2.933902901	4.332439107	IM_180
4	90001	39540000	1.940271472	3.14394095	IM_180
4	39540001	40110000	3.144378346	4.302942055	IM_180
4	40110001	184740000	1.987038523	3.305699244	IM_180
4	184740001	190800000	0.92634192	2.42051224	IM_180
5	60001	180690000	1.943066593	3.603392661	IM_180
6	210001	161160000	1.967228277	3.469791925	IM_180
6	161160001	170910000	2.723464183	4.039471551	IM_180
7	30001	13740000	3.066901967	4.229968036	IM_180
7	13740001	15300000	1.9001383	3.584477176	IM_180
7	15300001	30180000	2.861232606	4.857258886	IM_180
7	30180001	31830000	1.792812134	3.588827358	IM_180
7	31830001	115320000	2.973327644	4.449399634	IM_180
7	115320001	132060000	4.024034452	5.993124225	IM_180
7	132060001	132870000	2.813996295	4.044727915	IM_180
7	132870001	159120000	3.799065454	5.165023624	IM_180
8	180001	136740000	2.938153808	4.79461904	IM_180
8	136740001	146310000	1.893512484	3.753544483	IM_180
9	210001	38760000	2.891472439	4.216973529	IM_180
9	38760001	131550000	1.94073719	3.647295967	IM_180
9	131550001	137580000	1.033036248	2.450643446	IM_180
9	137580001	1.41E+08	2.02179151	3.304105078	IM_180
10	120001	46170000	3.024382223	4.087220388	IM_180
10	47580001	50040000	1.754770572	3.160985947	IM_180
10	50040001	52410000	8.586191628	10.06436223	IM_180
10	52530001	57840000	5.744255682	7.637402414	IM_180
10	57840001	63870000	1.982728495	3.492651724	IM_180
10	63870001	64260000	3.494134302	4.968228814	IM_180
10	64260001	84330000	2.074745722	3.227098003	IM_180
10	84330001	85350000	6.080498572	7.409698818	IM_180
10	85350001	90630000	4.694155313	6.484498917	IM_180
10	90630001	135420000	1.918194332	3.470019107	IM_180
11	210001	1410000	4.273001719	6.215315384	IM_180
11	1410001	13440000	1.940844672	3.198026346	IM_180
11	13440001	14460000	2.664637368	4.426898443	IM_180
11	14460001	20850000	4.963935345	6.052374511	IM_180
11	20850001	27540000	2.972357625	4.231326194	IM_180
11	27540001	31590000	1.875957087	3.698077406	IM_180
11	31590001	34740000	3.160759574	5.070798139	IM_180
11	34740001	36960000	2.566686735	4.069910692	IM_180
11	36960001	38520000	3.184109899	4.547898974	IM_180
11	38520001	134940000	1.98500971	3.149951045	IM_180
12	180001	133830000	2.990681807	4.126178031	IM_180
13	19530001	20430000	0.028800301	1.534175728	IM_180
13	20460001	63600000	1.002843251	2.96275137	IM_180
13	63600001	115110000	2.003850906	3.568793497	IM_180
14	20190001	34860000	2.91902659	4.387527619	IM_180
14	34860001	36390000	3.804636984	4.963923636	IM_180
14	36390001	107310000	2.966937191	4.920892527	IM_180
15	22320001	102390000	1.964596574	3.128052164	IM_180
16	90001	66240000	3.166441464	5.021585141	IM_180
16	66240001	71250000	4.324261038	6.188842825	IM_180
16	71250001	90150000	3.686370618	5.157272827	IM_180
17	1	28230000	2.014343322	3.421362727	IM_180
17	28230001	31740000	1.063193424	2.611927953	IM_180
17	31740001	33960000	1.784098931	2.941321212	IM_180
17	33960001	46560000	1.083678837	2.790176994	IM_180
17	46560001	81090000	2.111275413	3.487926057	IM_180
18	150001	78030000	1.944249731	3.314570584	IM_180
19	270001	11970000	2.376154918	3.515657744	IM_180
19	11970001	12240000	4.789774966	6.382483265	IM_180
19	12240001	13560000	8.148691515	9.499989084	IM_180
19	13560001	15540000	12.93745507	14.58157497	IM_180
19	15540001	16140000	8.237382593	9.824275529	IM_180
19	16140001	17010000	11.01130246	12.16259792	IM_180
19	17010001	20160000	8.20926981	9.897977174	IM_180
19	20160001	24300000	3.247157448	4.72010085	IM_180
19	24330001	56400000	2.106911314	3.543925247	IM_180
19	56400001	57480000	0.972684687	2.47264192	IM_180
19	57480001	58200000	1.968490657	3.107304343	IM_180
19	58200001	58860000	1.084248248	2.774711669	IM_180
19	58860001	59100000	1.998760013	3.985403323	IM_180
20	60001	46350000	3.885573556	5.607673625	IM_180
20	46350001	47250000	3.081289369	4.776745993	IM_180
20	47250001	62910000	3.801900464	4.820670052	IM_180
21	15480001	48090000	2.973239454	4.083784227	IM_180
22	17280001	51180000	1.019111512	2.513677569	IM_180
1	840001	3870000	2.066250281	3.294417075	IM_229
1	3990001	5940000	1.413208065	3.335608001	IM_229
1	5940001	17550000	2.149012856	4.044105372	IM_229
1	17580001	19170000	1.404527655	2.911865828	IM_229
1	19170001	29640000	2.153281136	3.79637001	IM_229
1	29640001	31170000	1.592899721	3.457390844	IM_229
1	31170001	33990000	2.233142935	3.733650888	IM_229
1	33990001	35160000	1.552954286	2.702885914	IM_229
1	35160001	36990000	2.221315719	3.817999967	IM_229
1	36990001	39480000	1.611763115	3.141085263	IM_229
1	39480001	58950000	2.116950526	3.858449944	IM_229
1	58950001	60330000	2.690227875	4.502873633	IM_229
1	60330001	93900000	2.099207855	3.16014924	IM_229
1	93900001	95550000	2.581276022	3.891198208	IM_229
1	95550001	118380000	2.070401148	3.743374862	IM_229
1	118380001	121260000	2.914735744	4.063711826	IM_229
1	121320001	152040000	3.595736913	4.793750388	IM_229
1	152040001	171180000	3.065532665	4.373560895	IM_229
1	171180001	173760000	3.677021509	5.104930122	IM_229
1	173760001	249210000	3.027764923	4.3649561	IM_229
2	30001	690000	4.707890716	5.822144511	IM_229
2	690001	7890000	3.195580061	4.582918174	IM_229
2	7890001	27570000	3.86837556	5.830366984	IM_229
2	27570001	29010000	4.914086378	6.517520324	IM_229
2	29010001	48870000	4.062665592	5.497924226	IM_229
2	48870001	52290000	3.369235442	5.162637572	IM_229
2	52290001	99240000	4.167665232	6.157599304	IM_229
2	99240001	103680000	3.160672824	5.067851428	IM_229
2	103680001	104550000	2.429261923	4.303790909	IM_229
2	104550001	107220000	2.953695838	4.200782901	IM_229
2	107220001	108750000	2.379404915	4.197928217	IM_229
2	108750001	127620000	2.96182846	4.289856441	IM_229
2	127620001	226890000	4.013489035	5.584373208	IM_229
2	226890001	227790000	4.66203562	6.470809364	IM_229
2	227790001	228780000	3.90249401	5.327669627	IM_229
2	228780001	230490000	3.154717869	5.12690437	IM_229
2	230490001	2.43E+08	3.931707741	5.484620569	IM_229
3	90001	187440000	2.933219649	4.483537344	IM_229
3	187440001	190800000	3.768072816	5.216922559	IM_229
3	190800001	193320000	2.884949697	4.416381662	IM_229
3	193320001	195960000	3.633265879	4.724036414	IM_229
3	195960001	197820000	3.098157905	5.035689797	IM_229
4	90001	124320000	2.026037793	3.799535981	IM_229
4	124320001	125190000	3.060804545	5.034960979	IM_229
4	125190001	184740000	2.048358232	3.877037542	IM_229
4	184740001	190800000	1.007273098	2.77137562	IM_229
5	60001	1200000	2.98503879	4.078022875	IM_229
5	1200001	5130000	2.297793015	3.581622429	IM_229
5	5130001	5520000	3.767975833	5.737736377	IM_229
5	5520001	122730000	2.055800993	3.299630326	IM_229
5	122730001	125040000	2.521819509	3.682390878	IM_229
5	125040001	173040000	1.981650066	3.443243957	IM_229
5	173040001	173460000	2.785247343	4.6201975	IM_229
5	173460001	175230000	1.488192697	3.426665759	IM_229
5	175230001	178560000	1.96707849	3.489076693	IM_229
5	178560001	179010000	1.401570282	2.66367594	IM_229
5	179010001	180690000	2.093140459	3.758984064	IM_229
6	210001	160590000	2.079366468	3.671298345	IM_229
6	160590001	170910000	2.974069627	4.508753755	IM_229
7	30001	13710000	2.919094808	4.020051838	IM_229
7	13710001	15300000	1.754186127	3.463189933	IM_229
7	15300001	30120000	3.012679032	4.876996714	IM_229
7	30120001	32430000	2.010310305	3.850670352	IM_229
7	32430001	46170000	2.995811343	4.434362176	IM_229
7	46170001	48150000	3.603938818	5.443979097	IM_229
7	48150001	115320000	2.952105027	4.055974715	IM_229
7	115320001	117990000	4.254812834	5.94348057	IM_229
7	117990001	127260000	3.749329452	5.560760132	IM_229
7	127260001	131340000	4.521398705	5.907610277	IM_229
7	131340001	132060000	3.90747891	5.127029106	IM_229
7	132060001	132930000	2.83117557	4.243576566	IM_229
7	132930001	144180000	4.006537983	5.865419173	IM_229
7	144180001	148290000	3.261806173	5.220343505	IM_229
7	148290001	152370000	4.103484575	5.37204635	IM_229
7	152370001	159120000	3.292266607	4.748274313	IM_229
8	180001	780000	3.681526359	4.745617055	IM_229
8	780001	1710000	2.80168862	4.585621059	IM_229
8	1710001	2100000	3.657356784	4.774175609	IM_229
8	2100001	6210000	2.315384277	4.208825815	IM_229
8	6210001	16350000	2.856667777	4.208245924	IM_229
8	16350001	17970000	3.559720495	4.575020424	IM_229
8	17970001	27120000	2.742300129	4.68501689	IM_229
8	27120001	30690000	3.34825252	5.09031915	IM_229
8	30690001	37350000	2.638931672	4.570141234	IM_229
8	37350001	40110000	3.33034473	5.276346772	IM_229
8	40110001	41790000	2.401764136	4.256801073	IM_229
8	41790001	42960000	3.177946769	4.929908009	IM_229
8	42960001	47640000	2.329787838	3.64284185	IM_229
8	47820001	49680000	3.184057168	4.303918751	IM_229
8	49680001	54210000	2.603010361	4.417431175	IM_229
8	54210001	62820000	3.127414112	4.457482548	IM_229
8	62820001	66600000	2.525241894	3.778349587	IM_229
8	66600001	87570000	3.091953482	4.745904978	IM_229
8	87570001	90630000	2.561675481	4.310403782	IM_229
8	90630001	136260000	3.123920962	4.591414898	IM_229
8	136260001	136920000	2.219970269	3.86332038	IM_229
8	136920001	140760000	1.56877861	3.352668117	IM_229
8	140760001	141450000	1.924620161	3.874579256	IM_229
8	141450001	142440000	2.469773012	4.301608258	IM_229
8	142440001	144660000	1.844883712	3.309858152	IM_229
8	144660001	146310000	2.435827953	4.178257346	IM_229
9	210001	2010000	2.601596319	4.120820309	IM_229
9	2010001	3690000	3.303844578	4.704686528	IM_229
9	3690001	4320000	4.365823918	6.117175656	IM_229
9	4320001	15420000	3.036738383	4.849818407	IM_229
9	15420001	16890000	3.83445417	5.345591423	IM_229
9	16890001	17520000	3.238816287	5.015234514	IM_229
9	17520001	18210000	2.460528108	4.303596019	IM_229
9	18210001	71250000	3.00196329	4.550502699	IM_229
9	71250001	80940000	1.993933688	3.316429377	IM_229
9	80940001	83010000	1.595824099	3.105560638	IM_229
9	83010001	101040000	2.112827125	3.324188407	IM_229
9	101040001	137340000	1.601489548	2.980765046	IM_229
9	137370001	138270000	1.014516032	2.424919391	IM_229
9	138300001	1.41E+08	1.678310445	2.819260812	IM_229
10	120001	1410000	3.14051949	4.853251098	IM_229
10	1410001	5400000	2.47130892	3.83983678	IM_229
10	5400001	6660000	3.427619189	4.822320901	IM_229
10	6660001	11490000	2.447300256	3.883092588	IM_229
10	11490001	44550000	2.891584161	4.268627055	IM_229
10	44550001	45360000	3.712607093	5.570278922	IM_229
10	45360001	45510000	5.802948376	6.843695295	IM_229
10	45510001	47700000	3.823163586	5.036020388	IM_229
10	48300001	50040000	1.949753226	3.763238697	IM_229
10	50040001	52590000	8.908167771	10.0728481	IM_229
10	52590001	54630000	5.330573035	7.316723073	IM_229
10	54630001	55140000	6.913046693	8.792480118	IM_229
10	55140001	57210000	5.498677617	7.460634451	IM_229
10	57210001	57330000	2.156816644	3.386442472	IM_229
10	57360001	57840000	5.949130489	7.596120352	IM_229
10	57840001	63750000	2.048250463	3.711784675	IM_229
10	63750001	64260000	3.472092892	5.332668813	IM_229
10	64260001	64980000	1.882994168	2.956690023	IM_229
10	64980001	65340000	2.737327589	3.872104755	IM_229
10	65340001	83130000	2.125465194	3.52931445	IM_229
10	83130001	84330000	1.701199889	3.050192527	IM_229
10	84330001	86880000	5.417348556	6.831394449	IM_229
10	86880001	88200000	4.348264766	5.944675693	IM_229
10	88200001	90630000	5.644167772	6.927196228	IM_229
10	90630001	127740000	2.033762941	4.030941917	IM_229
10	127740001	130830000	1.621427639	3.148561335	IM_229
10	130830001	131550000	2.319086044	4.145865	IM_229
10	131550001	133920000	1.466476192	3.021812933	IM_229
10	133920001	135420000	2.038741828	3.435268571	IM_229
11	210001	1410000	4.450669231	6.369209646	IM_229
11	1410001	13590000	2.22363382	3.254843967	IM_229
11	13590001	14460000	3.425999727	5.140063456	IM_229
11	14460001	15630000	5.660825413	7.26497632	IM_229
11	15630001	16620000	7.544608438	8.842531197	IM_229
11	16620001	20550000	4.962373189	5.974440152	IM_229
11	20550001	22620000	2.833660743	4.719183431	IM_229
11	22620001	22890000	3.875207066	5.681674052	IM_229
11	22890001	26490000	2.915376582	4.187278342	IM_229
11	26490001	27540000	3.759688289	4.882330166	IM_229
11	27540001	28350000	2.039171939	3.429933636	IM_229
11	28350001	30270000	1.640712153	3.254536087	IM_229
11	30270001	31380000	2.314735813	4.261484536	IM_229
11	31380001	38430000	3.08856784	4.913259203	IM_229
11	38460001	46950000	1.914389155	3.066156922	IM_229
11	46950001	60570000	2.753836912	4.47181393	IM_229
11	60570001	79440000	3.326194344	4.989085651	IM_229
11	79440001	81540000	2.469261146	3.494719505	IM_229
11	81540001	83550000	2.981365791	4.135176752	IM_229
11	83550001	86070000	2.03243863	3.600761862	IM_229
11	86070001	86970000	3.202423103	4.447687162	IM_229
11	86970001	94500000	1.980589826	3.098996431	IM_229
11	94500001	96180000	2.723552057	4.433042855	IM_229
11	96180001	111660000	1.974410625	3.236866004	IM_229
11	111660001	112920000	2.567692417	3.83786026	IM_229
11	112920001	121140000	2.089946729	3.38574675	IM_229
11	121140001	122640000	2.649600393	4.555635722	IM_229
11	122640001	130800000	2.121004781	3.888603529	IM_229
11	130800001	132990000	1.518744556	2.73808016	IM_229
11	132990001	134940000	2.14133307	3.535011235	IM_229
12	180001	2130000	3.459855321	5.224633891	IM_229
12	2130001	5280000	2.689406596	4.40677282	IM_229
12	5280001	59730000	3.209318164	4.843911097	IM_229
12	59730001	62640000	2.568736059	4.114627834	IM_229
12	62640001	112890000	3.042887958	4.312041575	IM_229
12	112890001	113490000	2.270584892	3.875674827	IM_229
12	113520001	113880000	2.977176975	4.860484022	IM_229
12	113880001	116340000	2.11020188	3.326294309	IM_229
12	116340001	118830000	2.731780169	4.506778415	IM_229
12	118830001	120030000	2.085160614	3.132157943	IM_229
12	120030001	126210000	2.951245305	4.894793895	IM_229
12	126210001	130530000	2.191251186	3.963552918	IM_229
12	130530001	133830000	2.889329302	3.984554956	IM_229
13	19530001	20430000	0.090853004	1.379760258	IM_229
13	20460001	44430000	1.543178021	2.773823168	IM_229
13	44430001	45210000	2.315575019	3.5322512	IM_229
13	45210001	63600000	1.50221093	2.539929913	IM_229
13	63600001	72090000	2.545904053	4.351442442	IM_229
13	72090001	72450000	4.120598532	5.518972174	IM_229
13	72450001	107850000	2.659024349	4.619232006	IM_229
13	107850001	110430000	2.114614665	3.459356695	IM_229
13	110460001	111960000	2.604263113	3.762864502	IM_229
13	111960001	113640000	1.864388768	3.75005892	IM_229
13	113640001	115110000	3.011810661	4.926783113	IM_229
14	20190001	20280000	7.448577148	9.362941473	IM_229
14	20460001	62430000	3.131351738	4.369402165	IM_229
14	62430001	63840000	2.485587694	4.43439357	IM_229
14	63840001	64980000	3.071360201	4.618228996	IM_229
14	64980001	66060000	3.806380411	5.391056379	IM_229
14	66060001	68370000	3.055555299	4.941886612	IM_229
14	68370001	69150000	4.761642134	6.011646196	IM_229
14	69150001	70200000	3.424889458	4.690483428	IM_229
14	70200001	97350000	2.897033431	3.924995103	IM_229
14	97350001	100440000	2.332199075	3.889801682	IM_229
14	100440001	101010000	3.234677635	5.126162335	IM_229
14	101010001	102210000	2.154606618	4.01546036	IM_229
14	102210001	104070000	3.307981181	4.496543931	IM_229
14	104070001	105120000	2.500382254	3.694136363	IM_229
14	105120001	107310000	3.361439469	4.781976596	IM_229
15	22320001	86340000	2.082516055	3.813067543	IM_229
15	86340001	89370000	1.66393525	3.082291029	IM_229
15	89370001	96870000	2.007392534	3.441621409	IM_229
15	96930001	99180000	1.604517243	3.197084135	IM_229
15	99180001	101850000	2.251393012	3.352874016	IM_229
15	101850001	102390000	1.730057335	3.605280132	IM_229
16	90001	870000	3.413427078	5.047219081	IM_229
16	870001	1440000	2.146586205	3.256858436	IM_229
16	1440001	5010000	3.291314021	5.023879577	IM_229
16	5010001	7380000	2.123197853	3.990540711	IM_229
16	7380001	61740000	2.805879755	4.767997624	IM_229
16	61740001	61980000	3.430581467	5.208111037	IM_229
16	61980001	64140000	2.486219733	4.315126958	IM_229
16	64140001	65670000	3.424935716	4.713506448	IM_229
16	65670001	73080000	4.115936804	6.101121733	IM_229
16	73110001	89280000	3.334588973	5.180596743	IM_229
16	89280001	90150000	4.210538302	5.944911254	IM_229
17	1	2670000	2.158364323	3.695824036	IM_229
17	2670001	3690000	1.596173928	3.264352658	IM_229
17	3690001	5490000	2.226027942	4.07108639	IM_229
17	5490001	6300000	1.393192594	2.802921019	IM_229
17	6300001	9630000	2.115818935	3.626691839	IM_229
17	9630001	11880000	1.53134276	2.828637095	IM_229
17	11880001	31350000	2.092886325	3.996772591	IM_229
17	31350001	32880000	1.547091189	2.853837947	IM_229
17	32880001	81090000	2.078932225	3.560511262	IM_229
18	150001	10740000	1.968099958	3.143647227	IM_229
18	10740001	11910000	1.517378909	3.370750377	IM_229
18	11910001	7.50E+07	1.991169292	3.516884092	IM_229
18	75000001	76800000	1.50929042	2.582768028	IM_229
18	76800001	78030000	2.05281511	3.550392524	IM_229
19	270001	11970000	1.98161472	3.447795198	IM_229
19	11970001	13830000	7.264995435	8.423433144	IM_229
19	13830001	14700000	12.19497668	13.23231188	IM_229
19	14700001	15540000	9.166390477	10.49448745	IM_229
19	15540001	15990000	6.609508732	7.975500403	IM_229
19	15990001	17010000	9.304851111	10.9533778	IM_229
19	17010001	20190000	7.222619045	8.419939347	IM_229
19	20280001	24360000	3.085271895	4.897599741	IM_229
19	28320001	48120000	2.010096739	3.068278334	IM_229
19	48120001	48750000	0.851025867	2.525286927	IM_229
19	48780001	56370000	1.985999953	3.709760866	IM_229
19	56370001	57600000	0.96680795	2.374775919	IM_229
19	57600001	58200000	2.239518421	3.780395153	IM_229
19	58200001	58830000	1.242331345	3.061451668	IM_229
19	58830001	59100000	2.663762934	3.98117446	IM_229
20	60001	40380000	3.904467851	5.009833021	IM_229
20	40380001	42540000	2.9311202	4.200344883	IM_229
20	42540001	46290000	4.19738248	5.866186369	IM_229
20	46290001	47250000	2.956448508	4.574678947	IM_229
20	47250001	48690000	3.918249122	5.69875246	IM_229
20	48690001	49440000	5.007544098	6.063568334	IM_229
20	49440001	50220000	4.098377479	5.786678193	IM_229
20	50220001	52200000	3.085140093	4.486990311	IM_229
20	52230001	52530000	4.378559234	5.495820967	IM_229
20	52530001	53580000	3.435027254	5.000395621	IM_229
20	53580001	5.40E+07	4.908060072	6.285501128	IM_229
20	54000001	60690000	3.273874053	4.883164824	IM_229
20	60690001	62910000	3.907182689	5.01239858	IM_229
21	15480001	19620000	3.459390436	4.919052448	IM_229
21	19620001	25740000	2.699434631	4.6866601	IM_229
21	25740001	30810000	3.236251815	5.00437167	IM_229
21	30810001	32430000	2.511566043	4.368125818	IM_229
21	32430001	38970000	3.182763242	4.276611915	IM_229
21	38970001	39510000	2.317864522	4.020176995	IM_229
21	39510001	41580000	2.960063304	4.768815523	IM_229
21	41580001	42510000	2.22737519	3.796605594	IM_229
21	42510001	45240000	3.558589029	4.748528548	IM_229
21	45240001	48090000	2.996417597	4.190500819	IM_229
22	17280001	47910000	1.043969667	2.52607258	IM_229
22	47910001	49860000	0.707006593	2.52682919	IM_229
22	49860001	51180000	1.090481556	2.918962335	IM_229
1	840001	62130000	2.936132219	4.401693883	JBLAB-4940
1	62130001	62880000	2.204060734	3.951561415	JBLAB-4940
1	62880001	93510000	3.010005399	4.299149435	JBLAB-4940
1	93510001	100320000	4.05791519	5.584466705	JBLAB-4940
1	100320001	100770000	2.757426748	4.573224745	JBLAB-4940
1	100770001	116940000	3.991022085	5.688580206	JBLAB-4940
1	116940001	119670000	3.320632274	4.690873475	JBLAB-4940
1	119670001	249210000	3.923949853	5.085083544	JBLAB-4940
2	30001	22050000	2.282747945	4.080770553	JBLAB-4940
2	22050001	50400000	4.020162009	5.106142862	JBLAB-4940
2	50400001	54870000	3.002013004	4.408484714	JBLAB-4940
2	54870001	59100000	4.017164107	5.840868943	JBLAB-4940
2	59100001	60990000	6.182030069	7.707106545	JBLAB-4940
2	60990001	62610000	3.464164786	5.422533846	JBLAB-4940
2	62610001	80520000	4.165868747	5.268425357	JBLAB-4940
2	80520001	83280000	3.337559678	5.222881622	JBLAB-4940
2	83280001	86370000	4.229321762	5.845454391	JBLAB-4940
2	86370001	100800000	3.181284129	5.143018445	JBLAB-4940
2	100800001	129990000	2.168195551	3.464631002	JBLAB-4940
2	130020001	135630000	3.374540844	5.274487054	JBLAB-4940
2	135630001	136770000	2.653922675	4.253091653	JBLAB-4940
2	136770001	165210000	4.079260104	5.31456172	JBLAB-4940
2	165210001	166800000	2.936880128	4.506207477	JBLAB-4940
2	166800001	228810000	3.984049623	5.775048685	JBLAB-4940
2	228810001	2.43E+08	3.201473419	4.849659135	JBLAB-4940
3	90001	138270000	3.041479022	4.381296448	JBLAB-4940
3	138270001	138960000	3.975092493	5.441284581	JBLAB-4940
3	138960001	141690000	5.28803422	7.276276749	JBLAB-4940
3	141690001	142380000	6.695246889	8.668627462	JBLAB-4940
3	142410001	143460000	8.34248228	9.613453034	JBLAB-4940
3	143460001	145020000	5.951546998	7.319947037	JBLAB-4940
3	145020001	146010000	7.065733544	8.336093705	JBLAB-4940
3	146010001	148320000	8.439378755	10.42118305	JBLAB-4940
3	148320001	149190000	9.90864599	11.06599999	JBLAB-4940
3	149190001	150060000	7.901485785	9.582233226	JBLAB-4940
3	150060001	151050000	6.78193669	7.820774083	JBLAB-4940
3	151050001	151320000	6.127880577	7.887253154	JBLAB-4940
3	151320001	152280000	4.940863905	6.424227234	JBLAB-4940
3	152280001	152670000	7.115867023	8.604684829	JBLAB-4940
3	152670001	157890000	4.945391583	6.385921822	JBLAB-4940
3	157890001	161850000	6.144127277	7.459139688	JBLAB-4940
3	161850001	161970000	12.65441764	14.0975575	JBLAB-4940
3	161970001	164220000	5.849843522	7.048895145	JBLAB-4940
3	164220001	165060000	7.48324754	8.931403155	JBLAB-4940
3	165060001	165960000	9.542768062	11.00352288	JBLAB-4940
3	165960001	171660000	7.474405071	9.458250371	JBLAB-4940
3	171660001	173340000	6.153488253	7.93975931	JBLAB-4940
3	173340001	174840000	3.767552579	5.472002669	JBLAB-4940
3	174840001	184740000	4.867200727	6.413871803	JBLAB-4940
3	184740001	191220000	4.05034274	5.374484458	JBLAB-4940
3	191220001	195840000	3.067171915	5.004719361	JBLAB-4940
3	195840001	197820000	3.927462967	5.091444025	JBLAB-4940
4	90001	1620000	3.951644792	5.52940869	JBLAB-4940
4	1620001	49080000	2.94859245	4.936808272	JBLAB-4940
4	52710001	56160000	7.232023787	8.550233074	JBLAB-4940
4	56160001	58020000	6.449994079	7.767625235	JBLAB-4940
4	58020001	61410000	7.615328752	9.353783622	JBLAB-4940
4	61410001	64740000	5.86446803	7.826662804	JBLAB-4940
4	64740001	66090000	7.198703792	8.88451446	JBLAB-4940
4	66090001	69780000	5.094038117	6.473545105	JBLAB-4940
4	69780001	69960000	6.684469078	7.848125111	JBLAB-4940
4	69960001	71850000	2.063934291	3.071633531	JBLAB-4940
4	71850001	107760000	3.031715917	4.764526399	JBLAB-4940
4	107760001	128640000	2.117833326	3.397992041	JBLAB-4940
4	128640001	151350000	3.066142554	4.709155144	JBLAB-4940
4	151350001	151860000	0.994963689	2.217190961	JBLAB-4940
4	151860001	190800000	3.022454706	4.060130728	JBLAB-4940
5	60001	2040000	7.422102195	9.337930033	JBLAB-4940
5	2040001	8430000	6.050089902	7.267763156	JBLAB-4940
5	8430001	22530000	4.837436329	6.726656051	JBLAB-4940
5	22530001	38220000	3.925978393	5.768660491	JBLAB-4940
5	38220001	40680000	3.209809551	4.817548558	JBLAB-4940
5	40680001	44100000	3.894905552	5.135414599	JBLAB-4940
5	44100001	45900000	4.998437776	6.243103134	JBLAB-4940
5	49560001	64800000	2.135820454	3.298227719	JBLAB-4940
5	64800001	65190000	1.287009002	2.844551203	JBLAB-4940
5	65190001	117450000	2.145420588	4.113809527	JBLAB-4940
5	117450001	180690000	3.018095137	4.447845877	JBLAB-4940
6	210001	55680000	3.170165519	5.119366986	JBLAB-4940
6	55680001	63540000	4.066296902	5.707670854	JBLAB-4940
6	63600001	148680000	3.02116437	4.951157688	JBLAB-4940
6	148680001	154440000	4.89210049	6.448664052	JBLAB-4940
6	154440001	161370000	4.040071718	5.942961158	JBLAB-4940
6	161370001	170910000	3.226690542	5.008063621	JBLAB-4940
7	30001	157230000	2.274482238	3.871045411	JBLAB-4940
7	157230001	159120000	3.103735612	4.592080768	JBLAB-4940
8	180001	36780000	1.132787825	2.960963795	JBLAB-4940
8	36780001	39060000	3.070350373	4.476082986	JBLAB-4940
8	39060001	40380000	5.026865428	6.190642525	JBLAB-4940
8	40380001	41610000	3.887904887	5.478191566	JBLAB-4940
8	41610001	58470000	4.817618973	5.826523369	JBLAB-4940
8	58470001	76500000	4.104280484	5.724721093	JBLAB-4940
8	76500001	143310000	5.087077071	6.270846658	JBLAB-4940
8	143310001	146310000	6.009933579	7.254566895	JBLAB-4940
9	210001	17100000	1.162157031	3.067225696	JBLAB-4940
9	17100001	18870000	2.754637066	3.766519881	JBLAB-4940
9	18870001	19440000	5.46515807	6.922475803	JBLAB-4940
9	19440001	20370000	7.736412268	9.558972887	JBLAB-4940
9	20370001	26370000	3.58271458	5.299662142	JBLAB-4940
9	26370001	1.41E+08	2.11262663	3.244318147	JBLAB-4940
10	120001	1770000	4.570710984	5.631519086	JBLAB-4940
10	1770001	45210000	3.720198551	4.873616338	JBLAB-4940
10	45210001	127260000	3.019429434	4.737926812	JBLAB-4940
10	127260001	134340000	2.128689066	3.395425964	JBLAB-4940
10	134340001	135420000	2.875451333	4.2711093	JBLAB-4940
11	210001	2160000	2.691286931	4.384007748	JBLAB-4940
11	2160001	19290000	2.17282386	4.101710541	JBLAB-4940
11	19290001	24660000	4.04367786	5.615674287	JBLAB-4940
11	24660001	27720000	6.368032654	7.634639924	JBLAB-4940
11	27720001	28290000	7.8659319	9.03392465	JBLAB-4940
11	28290001	32130000	6.078299445	7.787879137	JBLAB-4940
11	32130001	33390000	4.228454015	5.570894652	JBLAB-4940
11	33390001	37170000	5.003097775	6.709253558	JBLAB-4940
11	37170001	40080000	3.943709523	5.83560565	JBLAB-4940
11	40080001	41100000	4.932249888	6.86443086	JBLAB-4940
11	41100001	46770000	3.928947774	5.607007294	JBLAB-4940
11	46770001	64470000	2.022568695	3.227459877	JBLAB-4940
11	64470001	67410000	4.936338013	6.82805198	JBLAB-4940
11	67410001	70770000	7.697613882	9.418027911	JBLAB-4940
11	70770001	77790000	4.256719727	5.901535932	JBLAB-4940
11	77790001	80760000	7.05915897	8.107151674	JBLAB-4940
11	80760001	83940000	4.033764203	5.083588011	JBLAB-4940
11	83940001	85110000	7.138107065	8.922644816	JBLAB-4940
11	85200001	90480000	4.00343566	5.472564162	JBLAB-4940
11	90480001	92010000	5.052168365	6.453778379	JBLAB-4940
11	92010001	99300000	4.050743781	5.38534665	JBLAB-4940
11	99300001	101640000	6.922993318	8.275382835	JBLAB-4940
11	101640001	107640000	5.849784822	7.467367397	JBLAB-4940
11	107640001	108450000	5.099510397	6.159921512	JBLAB-4940
11	108450001	110190000	3.038535408	4.050024279	JBLAB-4940
11	110190001	121140000	4.935792846	6.000896684	JBLAB-4940
11	121140001	121740000	8.759017392	10.42026181	JBLAB-4940
11	121740001	128580000	5.020218766	6.081270848	JBLAB-4940
11	128580001	134940000	3.184327438	4.264088689	JBLAB-4940
12	180001	26160000	2.102033359	4.088249298	JBLAB-4940
12	26160001	31500000	3.131937026	4.795240807	JBLAB-4940
12	31500001	33150000	2.53950089	3.831532066	JBLAB-4940
12	33150001	34080000	3.268589153	4.778538275	JBLAB-4940
12	34080001	56100000	4.049741209	5.531357091	JBLAB-4940
12	56100001	57690000	6.232526437	8.090181388	JBLAB-4940
12	57690001	60660000	5.112344279	6.595944425	JBLAB-4940
12	60660001	120480000	2.887722558	4.762979424	JBLAB-4940
12	120480001	129480000	3.606954178	5.010841172	JBLAB-4940
12	129510001	133830000	4.349066146	5.919170331	JBLAB-4940
13	19530001	21360000	2.086662964	3.565898076	JBLAB-4940
13	21360001	24900000	1.170803419	2.734053671	JBLAB-4940
13	25170001	64740000	2.135040645	3.924236521	JBLAB-4940
13	64740001	114030000	1.148635532	3.108677947	JBLAB-4940
13	114030001	115110000	1.808631645	3.797707138	JBLAB-4940
14	20190001	20670000	3.961821552	5.619240105	JBLAB-4940
14	20670001	32910000	3.100768219	4.738039295	JBLAB-4940
14	32910001	33690000	5.050901916	6.488401019	JBLAB-4940
14	33690001	35550000	3.154670864	4.910103272	JBLAB-4940
14	35550001	45840000	4.028010936	5.294043732	JBLAB-4940
14	45840001	46620000	7.926215084	9.084991718	JBLAB-4940
14	46620001	47820000	6.041572851	7.339862589	JBLAB-4940
14	47820001	48600000	2.061277564	3.486997214	JBLAB-4940
14	48600001	107310000	3.019340474	4.959694421	JBLAB-4940
15	22320001	102390000	2.651300759	4.582352286	JBLAB-4940
16	90001	1260000	2.156171012	3.547321585	JBLAB-4940
16	1290001	2280000	4.978886228	6.005916111	JBLAB-4940
16	2280001	3900000	2.131844511	4.016145295	JBLAB-4940
16	3900001	4500000	4.248993736	5.972639488	JBLAB-4940
16	4500001	34860000	1.928585937	3.272479864	JBLAB-4940
16	34950001	64800000	2.973000447	4.343961508	JBLAB-4940
16	64800001	90150000	1.979189628	3.27247877	JBLAB-4940
17	1	630000	8.774578509	10.62008895	JBLAB-4940
17	630001	990000	3.985891851	5.648269935	JBLAB-4940
17	990001	2040000	12.28036079	13.75925094	JBLAB-4940
17	2040001	2610000	6.859419895	8.690739062	JBLAB-4940
17	2610001	2850000	2.497627265	4.336822555	JBLAB-4940
17	2850001	3570000	5.119763308	6.808445305	JBLAB-4940
17	3570001	4800000	2.800871625	4.71506436	JBLAB-4940
17	4800001	6900000	4.811038919	6.681916182	JBLAB-4940
17	6900001	9870000	8.20314949	9.466699666	JBLAB-4940
17	9870001	11790000	4.169419987	5.389221628	JBLAB-4940
17	11790001	12750000	0.133756903	1.268513249	JBLAB-4940
17	12750001	13050000	5.22702396	6.852633092	JBLAB-4940
17	13050001	14010000	11.16651463	12.81660677	JBLAB-4940
17	14010001	14460000	6.117997999	7.139548142	JBLAB-4940
17	14460001	14700000	13.38429483	14.43597653	JBLAB-4940
17	14700001	15390000	5.688236994	7.270327916	JBLAB-4940
17	15390001	17520000	1.468697786	3.237070097	JBLAB-4940
17	17520001	17760000	0.138772421	2.061808615	JBLAB-4940
17	17760001	21450000	2.104941674	3.633648416	JBLAB-4940
17	22110001	56130000	2.967078755	4.772292308	JBLAB-4940
17	56130001	65670000	3.638546474	5.429441243	JBLAB-4940
17	65670001	81090000	3.000504272	4.627585249	JBLAB-4940
18	150001	19590000	2.933976903	4.060749673	JBLAB-4940
18	19590001	19980000	4.70841945	6.09199397	JBLAB-4940
18	19980001	20490000	6.998013643	8.454570086	JBLAB-4940
18	20490001	23370000	4.351390685	5.535667017	JBLAB-4940
18	23370001	25440000	3.00512016	4.070704222	JBLAB-4940
18	25440001	26190000	2.144873818	3.79415008	JBLAB-4940
18	26190001	2.70E+07	3.2564781	4.345974849	JBLAB-4940
18	27000001	27720000	4.612677082	6.274446157	JBLAB-4940
18	27720001	37290000	2.24268158	3.88297144	JBLAB-4940
18	37290001	37710000	6.396400492	7.955237562	JBLAB-4940
18	37710001	38400000	4.072927083	5.154300648	JBLAB-4940
18	38400001	39930000	9.300984587	10.8953893	JBLAB-4940
18	39930001	57540000	2.118455332	3.868250739	JBLAB-4940
18	57540001	62880000	2.957631377	4.957249292	JBLAB-4940
18	62880001	64140000	2.065128296	4.003181347	JBLAB-4940
18	64140001	77190000	1.207094028	2.416804698	JBLAB-4940
18	77190001	78030000	1.679502015	2.760568906	JBLAB-4940
19	270001	1380000	3.16912253	5.157852724	JBLAB-4940
19	1380001	12780000	2.144092806	3.886184911	JBLAB-4940
19	12780001	14670000	2.895943914	4.049526919	JBLAB-4940
19	14670001	14880000	4.38352292	5.448990204	JBLAB-4940
19	14880001	15360000	6.141008353	8.037290702	JBLAB-4940
19	15360001	21720000	3.924246686	4.928778958	JBLAB-4940
19	21720001	59100000	2.173608677	3.912463324	JBLAB-4940
20	60001	510000	2.446415615	3.623682361	JBLAB-4940
20	510001	14790000	3.042460478	4.893095913	JBLAB-4940
20	14790001	19380000	2.018250039	3.301302591	JBLAB-4940
20	19380001	62910000	3.950999804	5.36704387	JBLAB-4940
21	15480001	44100000	2.973663612	4.458324672	JBLAB-4940
21	44100001	48090000	3.688219852	4.949727118	JBLAB-4940
22	17280001	51180000	3.011204983	4.760092235	JBLAB-4940
1	840001	1500000	3.826203366	5.376026692	JBLAB-4941
1	1500001	93360000	2.902102682	4.815097628	JBLAB-4941
1	93360001	117120000	3.968589388	5.164896155	JBLAB-4941
1	117210001	119640000	3.178439811	4.578521918	JBLAB-4941
1	119640001	121350000	4.805579326	5.9380033	JBLAB-4941
1	145380001	248280000	3.940309897	4.97344837	JBLAB-4941
1	248280001	249210000	4.787098107	6.592417265	JBLAB-4941
2	30001	4380000	2.374981999	3.714599863	JBLAB-4941
2	4380001	6150000	2.968272888	4.846999928	JBLAB-4941
2	6150001	22050000	2.090317268	3.864449374	JBLAB-4941
2	22050001	32070000	4.04733798	5.58327946	JBLAB-4941
2	32070001	32940000	3.040480252	4.747706737	JBLAB-4941
2	32940001	50400000	4.01957829	5.732769268	JBLAB-4941
2	50400001	54900000	3.026243966	4.673935188	JBLAB-4941
2	54900001	59040000	4.047537253	5.22464373	JBLAB-4941
2	59040001	61110000	6.012179894	7.439459183	JBLAB-4941
2	61110001	62580000	3.288995237	4.754861787	JBLAB-4941
2	62580001	80490000	4.165900307	5.818250457	JBLAB-4941
2	80490001	83370000	3.33676294	4.4105659	JBLAB-4941
2	83370001	85770000	4.16857207	5.716151897	JBLAB-4941
2	85770001	86370000	5.118754309	6.202196616	JBLAB-4941
2	86370001	100680000	3.208430228	5.155167802	JBLAB-4941
2	100680001	130050000	2.081575142	3.248468803	JBLAB-4941
2	130050001	135570000	3.286609274	5.163570117	JBLAB-4941
2	135570001	136770000	2.643592071	4.337510834	JBLAB-4941
2	136770001	165210000	4.055311983	6.030768609	JBLAB-4941
2	165210001	166800000	2.965890535	4.181133485	JBLAB-4941
2	166800001	228810000	4.043801548	5.950476436	JBLAB-4941
2	228810001	2.43E+08	3.147880819	4.222275909	JBLAB-4941
3	90001	138360000	3.049881186	4.424581014	JBLAB-4941
3	138360001	138960000	4.142388638	5.421855526	JBLAB-4941
3	138960001	141750000	5.437170665	6.689145015	JBLAB-4941
3	141780001	142440000	6.830226269	8.519431316	JBLAB-4941
3	142440001	143490000	8.312274632	9.94144882	JBLAB-4941
3	143490001	145050000	6.275628577	8.004094415	JBLAB-4941
3	145050001	146010000	7.419280217	8.548042863	JBLAB-4941
3	146010001	148290000	8.570298673	9.815720991	JBLAB-4941
3	148290001	149070000	10.39737818	12.29725905	JBLAB-4941
3	149070001	150060000	8.408448321	10.09811076	JBLAB-4941
3	150060001	151290000	7.123937082	8.262146225	JBLAB-4941
3	151290001	152250000	5.197775906	6.320441612	JBLAB-4941
3	152250001	152670000	7.083413461	8.511337555	JBLAB-4941
3	152670001	157890000	5.096982708	7.05363091	JBLAB-4941
3	157890001	161070000	6.240757467	7.429793895	JBLAB-4941
3	161070001	161970000	7.889308858	9.888984002	JBLAB-4941
3	161970001	164220000	6.426358732	7.899855199	JBLAB-4941
3	164220001	165030000	8.09171907	9.278020682	JBLAB-4941
3	165030001	166080000	9.690415677	11.63562964	JBLAB-4941
3	166080001	171660000	7.745587179	9.120444855	JBLAB-4941
3	171660001	173310000	6.414746143	8.35133616	JBLAB-4941
3	173310001	175050000	4.075174835	5.142788438	JBLAB-4941
3	175050001	184650000	4.980894093	6.164515637	JBLAB-4941
3	184650001	191100000	3.971753056	5.036013509	JBLAB-4941
3	191100001	196620000	3.098620977	4.203397678	JBLAB-4941
3	196650001	197820000	3.913782692	5.570224195	JBLAB-4941
4	90001	1350000	3.693153166	5.324402878	JBLAB-4941
4	1350001	49080000	3.014029933	4.136610095	JBLAB-4941
4	52710001	61440000	7.406331826	9.123084537	JBLAB-4941
4	61440001	64740000	6.112176664	7.398420373	JBLAB-4941
4	64740001	66150000	7.732060787	9.382978877	JBLAB-4941
4	66150001	69960000	5.331468852	7.028462209	JBLAB-4941
4	69960001	71850000	1.94891043	3.386815916	JBLAB-4941
4	71850001	107700000	3.061569741	4.934488764	JBLAB-4941
4	107700001	129060000	2.042062955	3.602300299	JBLAB-4941
4	129060001	151320000	3.133004105	4.290145027	JBLAB-4941
4	151320001	151860000	0.777422085	2.526975421	JBLAB-4941
4	151860001	190800000	3.037853528	4.229658567	JBLAB-4941
5	60001	1890000	7.434367077	9.365989933	JBLAB-4941
5	1890001	8340000	6.296363784	7.873495011	JBLAB-4941
5	8340001	22350000	5.135287275	6.6216078	JBLAB-4941
5	22350001	38220000	4.077023376	5.612397306	JBLAB-4941
5	38220001	40980000	3.180251584	4.197693623	JBLAB-4941
5	40980001	44100000	3.968885939	5.888556249	JBLAB-4941
5	44100001	45900000	5.042097341	6.535873754	JBLAB-4941
5	49560001	64860000	2.066064563	3.327321575	JBLAB-4941
5	64860001	65220000	0.974350624	2.360226969	JBLAB-4941
5	65220001	117420000	2.052138944	3.54110118	JBLAB-4941
5	117420001	180690000	3.015805355	4.054944907	JBLAB-4941
6	210001	55650000	3.097365261	4.789930791	JBLAB-4941
6	55650001	63540000	4.071778401	5.843989281	JBLAB-4941
6	63600001	148740000	3.025488373	4.721807452	JBLAB-4941
6	148740001	154500000	5.045424882	6.616422345	JBLAB-4941
6	154500001	161340000	4.083320952	5.914606775	JBLAB-4941
6	161340001	170910000	3.220893705	4.868350561	JBLAB-4941
7	30001	84780000	2.042062955	3.875304038	JBLAB-4941
7	84780001	157230000	2.572942639	3.621558381	JBLAB-4941
7	157230001	159120000	3.209748475	4.508932432	JBLAB-4941
8	180001	1680000	1.350354933	2.380166378	JBLAB-4941
8	1680001	36720000	0.946984666	2.34541279	JBLAB-4941
8	36720001	39030000	2.923482731	4.233161335	JBLAB-4941
8	39030001	58260000	4.839306294	5.85949919	JBLAB-4941
8	58260001	76530000	4.077722912	5.100169437	JBLAB-4941
8	76530001	143700000	5.168034779	6.507039534	JBLAB-4941
8	143700001	146310000	6.448338749	8.303312066	JBLAB-4941
9	210001	17100000	1.01418523	2.97498284	JBLAB-4941
9	17100001	17940000	3.245100345	4.467607651	JBLAB-4941
9	17940001	18090000	5.525484054	7.42028751	JBLAB-4941
9	18090001	18840000	3.782469064	5.48606614	JBLAB-4941
9	18840001	19410000	5.576212546	6.708039086	JBLAB-4941
9	19410001	20190000	7.366133386	9.058080747	JBLAB-4941
9	20190001	20370000	5.929597677	7.659966702	JBLAB-4941
9	20370001	24330000	3.898460327	5.866206781	JBLAB-4941
9	24330001	26610000	2.693633072	4.349919496	JBLAB-4941
9	26610001	139590000	2.044995217	3.327294918	JBLAB-4941
9	139590001	1.41E+08	2.592763075	3.902852403	JBLAB-4941
10	120001	1860000	4.603865196	5.742071788	JBLAB-4941
10	1860001	42900000	3.744052359	5.490056515	JBLAB-4941
10	42990001	43830000	4.822858802	6.753316886	JBLAB-4941
10	43830001	69570000	3.122966334	4.346164985	JBLAB-4941
10	69570001	71070000	2.383891547	4.328267811	JBLAB-4941
10	71070001	127260000	3.038476741	4.098495625	JBLAB-4941
10	127260001	134460000	2.141621871	4.015041559	JBLAB-4941
10	134460001	135420000	2.726900462	3.734744877	JBLAB-4941
11	210001	19290000	2.133276312	3.763284983	JBLAB-4941
11	19290001	24660000	4.164690681	5.78451721	JBLAB-4941
11	24660001	32100000	6.496347709	8.217888954	JBLAB-4941
11	32100001	33300000	4.496109593	6.042521755	JBLAB-4941
11	33300001	37170000	5.234790358	6.799533789	JBLAB-4941
11	37170001	46470000	4.237876193	6.163284009	JBLAB-4941
11	46470001	46800000	3.367552207	4.585625022	JBLAB-4941
11	46800001	64470000	2.043683239	3.07584326	JBLAB-4941
11	64470001	67350000	4.983064831	6.959703927	JBLAB-4941
11	67350001	70800000	8.14471123	9.348306311	JBLAB-4941
11	70800001	74250000	4.948164155	6.303325365	JBLAB-4941
11	74250001	77580000	4.002999192	5.015797262	JBLAB-4941
11	77670001	80760000	7.207071167	8.70700089	JBLAB-4941
11	80760001	83940000	4.128317623	5.203600665	JBLAB-4941
11	83940001	85110000	7.162722363	8.4454374	JBLAB-4941
11	85200001	90570000	4.051972097	5.461092316	JBLAB-4941
11	90570001	92070000	5.062895941	6.287570287	JBLAB-4941
11	92070001	99300000	4.105042719	5.539621722	JBLAB-4941
11	99300001	101610000	7.147628168	8.310948481	JBLAB-4941
11	101610001	107490000	6.082605053	7.46396739	JBLAB-4941
11	107490001	108450000	5.187780596	6.384381611	JBLAB-4941
11	108450001	110250000	3.042840586	4.157780274	JBLAB-4941
11	110280001	121110000	5.005935893	6.930032809	JBLAB-4941
11	121110001	121740000	8.491903629	10.24959334	JBLAB-4941
11	121740001	128520000	5.021280268	6.157757701	JBLAB-4941
11	128520001	134940000	3.158491295	4.779293219	JBLAB-4941
12	180001	26130000	1.956129159	3.593400018	JBLAB-4941
12	26130001	31410000	3.137644546	4.627302303	JBLAB-4941
12	31410001	33120000	2.431363886	3.984324154	JBLAB-4941
12	33120001	33990000	3.205839799	4.252531276	JBLAB-4941
12	33990001	50580000	4.047836169	6.035400914	JBLAB-4941
12	50580001	51150000	2.883967315	4.512014181	JBLAB-4941
12	51150001	56220000	4.077622975	6.070385409	JBLAB-4941
12	56220001	60660000	5.349015349	6.623700869	JBLAB-4941
12	60660001	120420000	2.877597311	4.499488757	JBLAB-4941
12	120420001	124290000	3.490493389	5.21376947	JBLAB-4941
12	124290001	133830000	4.085020972	5.53199463	JBLAB-4941
13	19530001	21390000	1.887161111	3.808770582	JBLAB-4941
13	21390001	24900000	1.027438586	2.063902902	JBLAB-4941
13	25170001	64680000	2.045998688	3.06258549	JBLAB-4941
13	64680001	115110000	1.024395482	2.587505667	JBLAB-4941
14	20190001	31290000	3.09279251	5.00254289	JBLAB-4941
14	31290001	31980000	2.222279546	3.814358576	JBLAB-4941
14	31980001	32940000	3.226722435	5.163130562	JBLAB-4941
14	32970001	33660000	5.154264636	6.708118627	JBLAB-4941
14	33660001	36360000	3.35052593	4.860873959	JBLAB-4941
14	36360001	45930000	4.202710715	5.583265124	JBLAB-4941
14	45960001	46620000	9.263427325	10.37944891	JBLAB-4941
14	46620001	47820000	6.206208978	7.920435303	JBLAB-4941
14	47820001	48600000	2.061844805	3.995234576	JBLAB-4941
14	48600001	107310000	2.978074597	4.154048715	JBLAB-4941
15	22320001	102390000	2.66852703	4.307420825	JBLAB-4941
16	90001	1260000	2.290873903	3.703330199	JBLAB-4941
16	1290001	2280000	5.402194526	6.868120109	JBLAB-4941
16	2280001	3900000	2.158661232	3.375774207	JBLAB-4941
16	3900001	4500000	4.553357508	6.513114215	JBLAB-4941
16	4500001	34860000	1.87200525	3.597098192	JBLAB-4941
16	34950001	64800000	2.986207793	4.113777149	JBLAB-4941
16	64800001	90150000	1.939842734	3.238588744	JBLAB-4941
17	1	630000	9.451139711	11.40591448	JBLAB-4941
17	630001	990000	4.151998227	5.393334061	JBLAB-4941
17	990001	2040000	13.77065317	15.2186045	JBLAB-4941
17	2040001	3540000	5.322035152	6.938881787	JBLAB-4941
17	3540001	4800000	2.918921378	4.196423123	JBLAB-4941
17	4800001	6900000	4.73852677	5.886362758	JBLAB-4941
17	6900001	7500000	8.924878099	10.29480877	JBLAB-4941
17	7500001	8610000	7.123683889	8.386298367	JBLAB-4941
17	8610001	9900000	8.529929026	10.42235838	JBLAB-4941
17	9900001	11790000	4.00002384	5.573484623	JBLAB-4941
17	11790001	12780000	0.060086842	1.078577116	JBLAB-4941
17	12780001	13050000	5.63479749	7.337028953	JBLAB-4941
17	13050001	14010000	11.43746767	12.74729218	JBLAB-4941
17	14010001	14460000	6.158313297	7.308908074	JBLAB-4941
17	14460001	14700000	13.9323333	15.8697941	JBLAB-4941
17	14700001	15300000	6.070439571	7.993371727	JBLAB-4941
17	15300001	15570000	3.514054424	4.902940858	JBLAB-4941
17	15810001	16920000	0.921553879	2.343918104	JBLAB-4941
17	16920001	17490000	1.975054144	3.072143671	JBLAB-4941
17	17490001	17760000	0.20321349	1.335843613	JBLAB-4941
17	17760001	21450000	2.074978301	3.195965933	JBLAB-4941
17	22110001	54870000	2.96073125	4.74861444	JBLAB-4941
17	54870001	65640000	3.64114588	5.187763166	JBLAB-4941
17	65640001	81090000	3.052779432	4.918599748	JBLAB-4941
18	150001	19260000	2.877728148	4.067268263	JBLAB-4941
18	19260001	19890000	4.175229298	5.501083896	JBLAB-4941
18	19890001	20550000	6.504617716	7.7874068	JBLAB-4941
18	20550001	21870000	4.846975477	6.37012218	JBLAB-4941
18	21870001	23370000	4.058204126	5.437347682	JBLAB-4941
18	23370001	25440000	2.997316063	4.023626557	JBLAB-4941
18	25440001	26280000	2.163420158	3.365130813	JBLAB-4941
18	26280001	2.70E+07	3.115771939	4.924628497	JBLAB-4941
18	27000001	27720000	4.709811574	5.957125103	JBLAB-4941
18	27720001	37290000	2.044647901	3.862561444	JBLAB-4941
18	37290001	37710000	6.024118377	7.941269392	JBLAB-4941
18	37710001	38310000	3.806352275	5.48617671	JBLAB-4941
18	38310001	38940000	7.647595816	9.269338033	JBLAB-4941
18	38940001	39930000	10.1023575	11.92227078	JBLAB-4941
18	39930001	57540000	2.032620013	3.437273348	JBLAB-4941
18	57540001	61770000	3.011500642	4.122207704	JBLAB-4941
18	61770001	62100000	2.048392257	3.596917134	JBLAB-4941
18	62100001	62850000	3.039812359	5.010198904	JBLAB-4941
18	62850001	64290000	1.969259723	2.970882608	JBLAB-4941
18	64290001	78030000	1.01806578	2.732673983	JBLAB-4941
19	270001	1320000	3.503512461	5.322287406	JBLAB-4941
19	1320001	12900000	2.058440176	3.490002445	JBLAB-4941
19	12900001	14670000	2.981167759	4.368286749	JBLAB-4941
19	14670001	15390000	5.446126899	6.669400767	JBLAB-4941
19	15390001	19230000	4.290950246	5.398977023	JBLAB-4941
19	19230001	20010000	3.100370334	4.786054178	JBLAB-4941
19	20010001	21750000	4.48800025	6.214635628	JBLAB-4941
19	21960001	59100000	2.069822236	3.279748502	JBLAB-4941
20	60001	540000	2.204393744	3.889056149	JBLAB-4941
20	540001	14790000	3.041638065	4.289460894	JBLAB-4941
20	14790001	19350000	2.101291783	3.137637263	JBLAB-4941
20	19350001	62910000	4.008158582	5.840636437	JBLAB-4941
21	15480001	48090000	3.04956913	4.317621185	JBLAB-4941
22	17280001	51180000	3.062462696	4.901268209	JBLAB-4941
