chromosome	start	end	segVal	sample
1	840001	8490000	1.22111106413751	JBLAB-4102
1	8490001	202110000	1.94184452465755	JBLAB-4102
1	202110001	235050000	1.19654241431951	JBLAB-4102
1	235050001	249210000	1.92147667696372	JBLAB-4102
2	30001	240870000	2.02835383249897	JBLAB-4102
2	240870001	2.43e+08	1.46673473255528	JBLAB-4102
3	90001	50250000	1.31323658179509	JBLAB-4102
3	50250001	133950000	2.10240381211276	JBLAB-4102
3	133950001	148920000	2.96188554842844	JBLAB-4102
3	148920001	149700000	3.83633107349189	JBLAB-4102
3	149700001	197820000	2.98704450581212	JBLAB-4102
4	90001	190800000	1.93111525647412	JBLAB-4102
5	60001	180690000	1.95664913567993	JBLAB-4102
6	210001	12870000	1.72666561451034	JBLAB-4102
6	12870001	55860000	2.56149116991873	JBLAB-4102
6	55860001	57630000	3.52578010561139	JBLAB-4102
6	57630001	84660000	1.94553303068985	JBLAB-4102
6	84660001	170910000	1.1645506248195	JBLAB-4102
7	30001	159120000	2.03213572676237	JBLAB-4102
8	180001	38370000	1.19602193346344	JBLAB-4102
8	38370001	39240000	2.03453706996376	JBLAB-4102
8	39240001	39390000	-0.784616969716322	JBLAB-4102
8	39390001	53370000	1.9677154917809	JBLAB-4102
8	53370001	53910000	3.31751264531178	JBLAB-4102
8	53910001	115950000	2.05597523663404	JBLAB-4102
8	115950001	146310000	3.33017451281092	JBLAB-4102
9	210001	78870000	1.02447768709758	JBLAB-4102
9	78870001	1.41e+08	1.73175689192723	JBLAB-4102
10	120001	135420000	1.85539386163611	JBLAB-4102
11	210001	134940000	1.98165133805982	JBLAB-4102
12	180001	7200000	2.84846148820525	JBLAB-4102
12	7230001	104070000	2.044444125159	JBLAB-4102
12	104070001	133830000	2.73156255920662	JBLAB-4102
13	19530001	115110000	1.56035927596175	JBLAB-4102
14	20190001	107310000	1.95995237715865	JBLAB-4102
15	22320001	48390000	1.95837232226722	JBLAB-4102
15	48390001	75510000	2.71466389222448	JBLAB-4102
15	75510001	90450000	2.0006841670157	JBLAB-4102
15	90450001	102390000	2.72053537567012	JBLAB-4102
16	90001	660000	1.07199731502689	JBLAB-4102
16	660001	66930000	1.84803436432983	JBLAB-4102
16	66930001	84060000	1.11618390622592	JBLAB-4102
16	84060001	90150000	1.93483238355974	JBLAB-4102
17	1	5850000	0.991872778339963	JBLAB-4102
17	5850001	7590000	1.53654652774613	JBLAB-4102
17	7590001	46530000	0.996782917500542	JBLAB-4102
17	46530001	81090000	1.80342606930713	JBLAB-4102
18	150001	48360000	0.996143354546018	JBLAB-4102
18	48360001	48630000	0.23572318942431	JBLAB-4102
18	48630001	78030000	0.998993176384044	JBLAB-4102
19	270001	59100000	1.76022996730001	JBLAB-4102
20	60001	62910000	2.03624773034638	JBLAB-4102
21	15480001	48090000	1.87180403398872	JBLAB-4102
22	17280001	25620000	1.09454948491074	JBLAB-4102
22	25710001	25920000	2.97311294719183	JBLAB-4102
22	25920001	31140000	0.93015317011819	JBLAB-4102
22	31140001	31890000	1.94384962223201	JBLAB-4102
22	31890001	51180000	0.987288196894888	JBLAB-4102
1	840001	249210000	2.02161333589742	IM_3
2	30001	113820000	2.01874258176592	IM_3
2	113820001	114750000	2.75571212230918	IM_3
2	114750001	222780000	2.05062390696072	IM_3
2	222780001	2.43e+08	1.04027076858885	IM_3
3	90001	510000	2.70447162503982	IM_3
3	510001	13830000	1.95381752260469	IM_3
3	13830001	14700000	2.40712133355619	IM_3
3	14700001	63270000	1.02824845982439	IM_3
3	63270001	63840000	2.63909829949913	IM_3
3	63840001	64800000	3.69809662241524	IM_3
3	64800001	83520000	2.95915991269213	IM_3
3	83520001	84150000	1.81451422428654	IM_3
3	84180001	86880000	2.95089801142778	IM_3
3	86880001	101520000	1.96049731785992	IM_3
3	101520001	101970000	2.83136687717615	IM_3
3	101970001	148890000	2.03894277736856	IM_3
3	148890001	168570000	2.99022554955766	IM_3
3	168570001	168870000	4.96504750552399	IM_3
3	168870001	171780000	3.30186704295309	IM_3
3	171780001	172410000	4.29087124762164	IM_3
3	172410001	197820000	3.08125447213513	IM_3
4	90001	69180000	1.92989733817774	IM_3
4	69180001	70440000	2.49783311345742	IM_3
4	70440001	190800000	2.02535850554552	IM_3
5	60001	180690000	1.98675920772536	IM_3
6	210001	170910000	2.05062390696072	IM_3
7	30001	70290000	1.95852123031909	IM_3
7	70290001	71970000	1.41708952429062	IM_3
7	72720001	159120000	1.98502604069244	IM_3
8	180001	40440000	0.940420816721618	IM_3
8	40440001	41430000	3.30676532641002	IM_3
8	41430001	42960000	4.14120467570996	IM_3
8	42960001	43380000	3.34344309941216	IM_3
8	47490001	64380000	1.93808525280246	IM_3
8	64380001	66630000	2.67334498136212	IM_3
8	66630001	67380000	2.0559617251506	IM_3
8	67380001	67590000	3.20784516139001	IM_3
8	67590001	68190000	2.0113365405066	IM_3
8	68190001	69510000	3.22648112992979	IM_3
8	69510001	71040000	2.54320441247597	IM_3
8	71040001	71970000	3.1625116231121	IM_3
8	71970001	73410000	1.87629832848427	IM_3
8	73410001	75360000	3.0332572737571	IM_3
8	75360001	76230000	2.20321327508157	IM_3
8	76230001	76770000	2.84729412678075	IM_3
8	76770001	77400000	3.92426226365575	IM_3
8	77400001	79050000	2.8270594406252	IM_3
8	79050001	82140000	4.22186802590947	IM_3
8	82140001	82920000	3.14433149301612	IM_3
8	82920001	88500000	1.90615719285783	IM_3
8	88500001	89550000	0.896748299255722	IM_3
8	89550001	94230000	1.96135984198449	IM_3
8	94230001	96720000	1.07034944493289	IM_3
8	96720001	99150000	2.04795694884877	IM_3
8	99150001	102780000	3.19042794899315	IM_3
8	102780001	108090000	4.0225416361415	IM_3
8	108090001	108450000	5.23127349934211	IM_3
8	108450001	110670000	3.86421820734569	IM_3
8	110670001	126780000	3.0256777862415	IM_3
8	126780001	135870000	5.06945619024081	IM_3
8	135870001	142410000	4.21462740828669	IM_3
8	142410001	144990000	3.58550342567005	IM_3
8	144990001	146310000	4.94364096723872	IM_3
9	210001	79650000	1.97492710741575	IM_3
9	79650001	1.41e+08	1.01341645133449	IM_3
10	120001	10770000	1.01488522813802	IM_3
10	10770001	81390000	1.99637403460012	IM_3
10	81690001	94020000	0.976191373725145	IM_3
10	94020001	135420000	1.98177786818776	IM_3
11	210001	50190000	1.99948628191126	IM_3
11	50190001	62910000	1.00180386766923	IM_3
11	62910001	66900000	2.98455205441417	IM_3
11	66900001	74340000	4.03299765824843	IM_3
11	74340001	82440000	1.9473970906888	IM_3
11	82440001	84990000	3.95191005400247	IM_3
11	84990001	86460000	6.22848335858309	IM_3
11	86460001	87810000	4.49639543562808	IM_3
11	87810001	134940000	1.00194734430309	IM_3
12	180001	133830000	1.96804917066006	IM_3
13	19530001	115110000	2.00336101674606	IM_3
14	20190001	68430000	1.97507124316383	IM_3
14	68430001	69180000	2.82052050226581	IM_3
14	69180001	107310000	1.9683010844588	IM_3
15	22320001	22590000	3.89953508862016	IM_3
15	22770001	102390000	1.99141988056497	IM_3
16	90001	90150000	1.87294031723596	IM_3
17	1	33870000	1.9410918885608	IM_3
17	33870001	74190000	2.98370563996387	IM_3
17	74190001	81090000	1.02888473191628	IM_3
18	150001	40710000	1.93905148362629	IM_3
18	40710001	78030000	0.953912892486383	IM_3
19	270001	59100000	1.87541442775138	IM_3
20	60001	20730000	1.02894258069144	IM_3
20	20730001	62910000	2.88426373508442	IM_3
21	15480001	48090000	1.92839701358755	IM_3
22	17280001	51180000	1.93100499677991	IM_3
1	840001	8520000	1.05910736507542	JBLAB-4103
1	8520001	12060000	1.87401191840308	JBLAB-4103
1	12060001	12720000	2.47045075089025	JBLAB-4103
1	12720001	14730000	1.89350120554072	JBLAB-4103
1	14730001	15090000	2.81789960040918	JBLAB-4103
1	15090001	202110000	1.92431529248114	JBLAB-4103
1	202110001	221760000	1.1519542693365	JBLAB-4103
1	221760001	234990000	1.83672399048962	JBLAB-4103
1	234990001	249210000	2.6258542707841	JBLAB-4103
2	30001	240660000	1.93312697485408	JBLAB-4103
2	240660001	2.43e+08	1.42605703238767	JBLAB-4103
3	90001	50280000	1.22297814328489	JBLAB-4103
3	50280001	133980000	2.03400468297076	JBLAB-4103
3	133980001	148890000	2.87543982035647	JBLAB-4103
3	148890001	149670000	4.17899090384479	JBLAB-4103
3	149670001	197820000	2.94124102206325	JBLAB-4103
4	90001	190800000	2.01030186708349	JBLAB-4103
5	60001	180690000	1.91779624902248	JBLAB-4103
6	210001	12780000	1.56139345591283	JBLAB-4103
6	12780001	55950000	2.53312549930099	JBLAB-4103
6	55950001	57180000	3.70479593013277	JBLAB-4103
6	57600001	84720000	1.84114219630358	JBLAB-4103
6	84720001	170910000	1.11209834181418	JBLAB-4103
7	30001	159120000	2.00964994742602	JBLAB-4103
8	180001	38340000	1.18796706580425	JBLAB-4103
8	38340001	39240000	2.0382988127041	JBLAB-4103
8	39240001	39390000	-0.684303254912592	JBLAB-4103
8	39390001	53370000	2.02143270109685	JBLAB-4103
8	53370001	53910000	3.0369391199223	JBLAB-4103
8	53910001	115950000	2.03818959848288	JBLAB-4103
8	115950001	146310000	3.23992937731728	JBLAB-4103
9	210001	78870000	0.971870077006546	JBLAB-4103
9	78870001	1.41e+08	1.75305441982059	JBLAB-4103
10	120001	135420000	2.01048296968769	JBLAB-4103
11	210001	32250000	1.991860943351	JBLAB-4103
11	32250001	32400000	3.70645593816284	JBLAB-4103
11	32400001	134940000	1.98136676134826	JBLAB-4103
12	180001	7200000	2.84694287785581	JBLAB-4103
12	7230001	104070000	2.05284356647949	JBLAB-4103
12	104070001	120660000	2.79801405026078	JBLAB-4103
12	120660001	120750000	5.85959485235652	JBLAB-4103
12	120750001	133830000	2.50318750104957	JBLAB-4103
13	19530001	115110000	1.60604277028808	JBLAB-4103
14	20190001	107310000	1.99760347035707	JBLAB-4103
15	22320001	48390000	1.97657722353138	JBLAB-4103
15	48390001	48840000	3.29630890159595	JBLAB-4103
15	48840001	76500000	2.86883437624024	JBLAB-4103
15	76500001	90360000	1.98421368607212	JBLAB-4103
15	90360001	102390000	2.76859783315326	JBLAB-4103
16	90001	690000	1.27109270971175	JBLAB-4103
16	690001	66930000	1.94860953471587	JBLAB-4103
16	66930001	8.4e+07	1.17499915897569	JBLAB-4103
16	84000001	90150000	1.94259709806495	JBLAB-4103
17	1	6270000	0.943249821363265	JBLAB-4103
17	6270001	7530000	1.36158429597258	JBLAB-4103
17	7530001	36840000	0.96819374848238	JBLAB-4103
17	36840001	46500000	1.35902330331223	JBLAB-4103
17	46500001	75900000	2.12891507622102	JBLAB-4103
17	75900001	80070000	1.41185462581617	JBLAB-4103
17	80070001	81090000	2.15877637668582	JBLAB-4103
18	150001	3720000	1.02839309079355	JBLAB-4103
18	3720001	5700000	0.6791430490027	JBLAB-4103
18	5700001	48360000	0.982293745427859	JBLAB-4103
18	48360001	48630000	0.16869565059944	JBLAB-4103
18	48630001	78030000	0.951118734889986	JBLAB-4103
19	270001	10290000	1.43293467316139	JBLAB-4103
19	10290001	59100000	1.84335272913388	JBLAB-4103
20	60001	62910000	2.01559253531918	JBLAB-4103
21	15480001	48090000	1.83251972051447	JBLAB-4103
22	17280001	30990000	0.957529444154147	JBLAB-4103
22	30990001	31860000	1.73162505182837	JBLAB-4103
22	31860001	51180000	0.897652722541967	JBLAB-4103
1	840001	15750000	2.12533847458239	IM_182
1	15750001	16350000	3.35371246204807	IM_182
1	16350001	118380000	2.05263682630768	IM_182
1	118380001	119850000	2.90884242882071	IM_182
1	119850001	120540000	2.07263883990975	IM_182
1	121200001	151950000	4.11098128178168	IM_182
1	151950001	153450000	3.08280525999133	IM_182
1	153450001	249210000	4.01039834062406	IM_182
2	30001	32100000	3.86804449554378	IM_182
2	32100001	32970000	5.32712082077676	IM_182
2	32970001	97560000	4.06681310332726	IM_182
2	97560001	99180000	3.14899393404327	IM_182
2	99210001	115620000	2.5038603552017	IM_182
2	115620001	118350000	3.12647003060058	IM_182
2	118350001	125310000	2.04831224256856	IM_182
2	125310001	141060000	3.00629982668424	IM_182
2	141060001	203070000	4.02422805620698	IM_182
2	203070001	204240000	5.26314033339039	IM_182
2	204240001	241320000	3.92887158631872	IM_182
2	241320001	2.43e+08	2.96714127087203	IM_182
3	90001	70650000	2.13400739568951	IM_182
3	70650001	76860000	2.96780612746393	IM_182
3	76860001	90210000	2.22039683375467	IM_182
3	93540001	112950000	3.25625286575498	IM_182
3	112950001	114330000	11.1389836867299	IM_182
3	114330001	114990000	8.59294604984023	IM_182
3	114990001	115410000	7.50128019807572	IM_182
3	115410001	116340000	5.45836161747767	IM_182
3	116340001	121020000	3.95614829087114	IM_182
3	121020001	135810000	1.94222427218128	IM_182
3	135810001	136650000	2.7976327835101	IM_182
3	136650001	166230000	1.99498179157296	IM_182
3	166230001	197820000	3.02500151834627	IM_182
4	90001	107820000	1.99697040564482	IM_182
4	107820001	158220000	1.19457259946406	IM_182
4	158220001	190800000	1.74011854632912	IM_182
5	60001	45900000	2.04293068874254	IM_182
5	49560001	113730000	1.01319616049346	IM_182
5	113730001	180690000	1.97648512338263	IM_182
6	210001	39390000	2.96111618009154	IM_182
6	39390001	40920000	1.71296413973676	IM_182
6	40920001	41220000	3.2120780485992	IM_182
6	41220001	45450000	4.24752489116399	IM_182
6	45450001	62400000	2.97339346828036	IM_182
6	62400001	62670000	6.01039486218627	IM_182
6	62670001	161160000	2.03831171488303	IM_182
6	161160001	170910000	2.71993149421414	IM_182
7	30001	13650000	3.08451786928426	IM_182
7	13650001	15330000	2.00053691702903	IM_182
7	15330001	30180000	2.88782656309228	IM_182
7	30180001	31890000	1.76022929321983	IM_182
7	31890001	118530000	3.03443836104209	IM_182
7	118530001	132030000	4.33519553397304	IM_182
7	132030001	132750000	2.90734852945566	IM_182
7	132750001	157200000	4.10407386238752	IM_182
7	157200001	159120000	3.41369829747564	IM_182
8	180001	1830000	0.604879744351743	IM_182
8	1830001	34740000	1.03993703351681	IM_182
8	34740001	36300000	4.17317693306815	IM_182
8	36300001	37740000	3.07510363872021	IM_182
8	37740001	39630000	5.71133266018764	IM_182
8	39630001	42180000	4.90201499938734	IM_182
8	42180001	146310000	3.80086874725191	IM_182
9	210001	38190000	3.01803271901089	IM_182
9	38190001	1.41e+08	1.98531286454859	IM_182
10	120001	33060000	3.09114685952341	IM_182
10	33060001	35370000	2.13431589106233	IM_182
10	35400001	35760000	8.26017706393047	IM_182
10	35760001	46170000	5.19126009757309	IM_182
10	47580001	50070000	3.07046869400926	IM_182
10	50070001	52410000	9.25843430697777	IM_182
10	52530001	57180000	6.21403021303002	IM_182
10	57180001	57390000	2.3164129902575	IM_182
10	57390001	57840000	6.30787240925198	IM_182
10	57840001	63870000	2.20751636635649	IM_182
10	63870001	64260000	3.6984045469943	IM_182
10	64260001	84330000	2.25622465932297	IM_182
10	84330001	85650000	5.89454291493337	IM_182
10	85650001	88140000	4.68011550826484	IM_182
10	88140001	90630000	5.38358354446162	IM_182
10	90630001	110670000	2.15793141349803	IM_182
10	110670001	119940000	3.16821292102312	IM_182
10	119970001	121080000	2.07500171497922	IM_182
10	121080001	125250000	3.07046869400926	IM_182
10	125250001	127890000	4.26676386058477	IM_182
10	127890001	135420000	0.850635688539084	IM_182
11	210001	1410000	4.08037262770514	IM_182
11	1410001	13440000	1.94055469144457	IM_182
11	13440001	14460000	2.69015878925198	IM_182
11	14460001	20850000	5.01867285962482	IM_182
11	20850001	27570000	3.04438094440568	IM_182
11	27570001	31500000	1.91458436511591	IM_182
11	31500001	38490000	3.01941698932468	IM_182
11	38490001	47130000	1.97573774329849	IM_182
11	47160001	59520000	3.04142356607208	IM_182
11	59520001	85920000	2.05715505739057	IM_182
11	85920001	86940000	2.77726873051102	IM_182
11	86940001	94680000	1.95400198244024	IM_182
11	94680001	97830000	0.996359589017028	IM_182
11	97830001	134940000	1.96696461313436	IM_182
12	180001	133830000	3.1237954675354	IM_182
13	19530001	20430000	0.056310501798831	IM_182
13	20460001	63630000	2.01705154150612	IM_182
13	63660001	115110000	3.03569160228926	IM_182
14	20190001	22440000	3.03430409851886	IM_182
14	22440001	107310000	2.03316772211719	IM_182
15	22320001	102390000	1.97790546132318	IM_182
16	90001	31950000	4.25027833635754	IM_182
16	34230001	35100000	2.23719960738544	IM_182
16	35100001	48030000	4.2660872318496	IM_182
16	48030001	48150000	1.73830774113678	IM_182
16	48150001	49800000	3.95967077277181	IM_182
16	49800001	51750000	5.22882781107095	IM_182
16	51750001	53490000	7.20093741487108	IM_182
16	53490001	54660000	4.94795961695515	IM_182
16	54660001	55680000	2.98840420202867	IM_182
16	55680001	56400000	4.58099750706288	IM_182
16	56400001	64200000	2.00369261823768	IM_182
16	64200001	78090000	3.15504559581939	IM_182
16	78090001	80100000	5.92082224540852	IM_182
16	80100001	80280000	3.65433882676209	IM_182
16	80280001	90150000	5.32625696218077	IM_182
17	1	81090000	2.052864539137	IM_182
18	150001	39690000	2.01490415394019	IM_182
18	39690001	40200000	2.98355988613062	IM_182
18	40200001	47550000	1.89360122896601	IM_182
18	47550001	78030000	0.977035307949735	IM_182
19	270001	11970000	2.28070439582284	IM_182
19	11970001	12270000	4.96422871550648	IM_182
19	12270001	13560000	7.94668338371106	IM_182
19	13560001	15540000	12.9840677737539	IM_182
19	15540001	16110000	8.16478818010107	IM_182
19	16110001	17010000	10.7492402453745	IM_182
19	17010001	20190000	8.0556661025494	IM_182
19	20280001	31830000	2.94090893096903	IM_182
19	31860001	36150000	2.20587428389878	IM_182
19	36150001	41490000	3.41233192694037	IM_182
19	41490001	56280000	2.01686313692398	IM_182
19	56280001	57450000	1.01744224493815	IM_182
19	57450001	58230000	1.92670107266832	IM_182
19	58230001	59100000	1.29405537721098	IM_182
20	60001	26160000	2.88371008111338	IM_182
20	29850001	62910000	3.87222927841931	IM_182
21	15480001	48090000	3.04249883195283	IM_182
22	17280001	51180000	1.01517302892815	IM_182
1	840001	118290000	2.00698127859309	IM_180
1	118290001	249210000	2.95320951020892	IM_180
2	30001	60810000	2.89399581633318	IM_180
2	60810001	63870000	3.53395254226984	IM_180
2	63870001	125370000	2.89282100691698	IM_180
2	125370001	201660000	3.84860301106565	IM_180
2	201660001	204300000	4.78436972287922	IM_180
2	204300001	241290000	3.8262146754628	IM_180
2	241290001	2.43e+08	2.87483647412002	IM_180
3	90001	46560000	2.90139812286245	IM_180
3	46560001	51600000	3.54644116916214	IM_180
3	51600001	197820000	2.93390290128235	IM_180
4	90001	39540000	1.94027147212763	IM_180
4	39540001	40110000	3.14437834581001	IM_180
4	40110001	184740000	1.98703852274427	IM_180
4	184740001	190800000	0.926341919668783	IM_180
5	60001	180690000	1.94306659330788	IM_180
6	210001	161160000	1.96722827661777	IM_180
6	161160001	170910000	2.72346418251384	IM_180
7	30001	13740000	3.06690196668741	IM_180
7	13740001	15300000	1.90013830019369	IM_180
7	15300001	30180000	2.86123260577109	IM_180
7	30180001	31830000	1.79281213401568	IM_180
7	31830001	115320000	2.97332764436553	IM_180
7	115320001	132060000	4.02403445199752	IM_180
7	132060001	132870000	2.81399629525418	IM_180
7	132870001	159120000	3.79906545425372	IM_180
8	180001	136740000	2.93815380766404	IM_180
8	136740001	146310000	1.89351248432056	IM_180
9	210001	38760000	2.89147243933883	IM_180
9	38760001	131550000	1.94073719045886	IM_180
9	131550001	137580000	1.03303624768688	IM_180
9	137580001	1.41e+08	2.02179150952255	IM_180
10	120001	46170000	3.02438222280391	IM_180
10	47580001	50040000	1.75477057244825	IM_180
10	50040001	52410000	8.58619162849612	IM_180
10	52530001	57840000	5.74425568157343	IM_180
10	57840001	63870000	1.98272849463911	IM_180
10	63870001	64260000	3.49413430198447	IM_180
10	64260001	84330000	2.07474572208465	IM_180
10	84330001	85350000	6.08049857196565	IM_180
10	85350001	90630000	4.69415531344325	IM_180
10	90630001	135420000	1.918194331886	IM_180
11	210001	1410000	4.27300171927887	IM_180
11	1410001	13440000	1.94084467159984	IM_180
11	13440001	14460000	2.66463736845811	IM_180
11	14460001	20850000	4.96393534513254	IM_180
11	20850001	27540000	2.97235762532017	IM_180
11	27540001	31590000	1.87595708681442	IM_180
11	31590001	34740000	3.16075957405435	IM_180
11	34740001	36960000	2.56668673541015	IM_180
11	36960001	38520000	3.18410989885273	IM_180
11	38520001	134940000	1.98500970974913	IM_180
12	180001	133830000	2.99068180682977	IM_180
13	19530001	20430000	0.0288003006192196	IM_180
13	20460001	63600000	1.00284325050996	IM_180
13	63600001	115110000	2.0038509059418	IM_180
14	20190001	34860000	2.91902658965021	IM_180
14	34860001	36390000	3.80463698445769	IM_180
14	36390001	107310000	2.96693719059615	IM_180
15	22320001	102390000	1.96459657368981	IM_180
16	90001	66240000	3.16644146441415	IM_180
16	66240001	71250000	4.32426103784852	IM_180
16	71250001	90150000	3.68637061849945	IM_180
17	1	28230000	2.01434332243412	IM_180
17	28230001	31740000	1.06319342421676	IM_180
17	31740001	33960000	1.78409893061915	IM_180
17	33960001	46560000	1.08367883740462	IM_180
17	46560001	81090000	2.11127541302064	IM_180
18	150001	78030000	1.94424973065132	IM_180
19	270001	11970000	2.3761549184037	IM_180
19	11970001	12240000	4.78977496573597	IM_180
19	12240001	13560000	8.14869151474417	IM_180
19	13560001	15540000	12.9374550719615	IM_180
19	15540001	16140000	8.23738259268883	IM_180
19	16140001	17010000	11.0113024568784	IM_180
19	17010001	20160000	8.20926980981798	IM_180
19	20160001	24300000	3.24715744787374	IM_180
19	24330001	56400000	2.10691131370787	IM_180
19	56400001	57480000	0.972684687112196	IM_180
19	57480001	58200000	1.9684906567889	IM_180
19	58200001	58860000	1.08424824826993	IM_180
19	58860001	59100000	1.99876001281871	IM_180
20	60001	46350000	3.88557355607009	IM_180
20	46350001	47250000	3.08128936915094	IM_180
20	47250001	62910000	3.80190046356548	IM_180
21	15480001	48090000	2.97323945441601	IM_180
22	17280001	51180000	1.01911151158124	IM_180
1	840001	3870000	2.06625028109697	IM_229
1	3990001	5940000	1.41320806457383	IM_229
1	5940001	17550000	2.14901285586118	IM_229
1	17580001	19170000	1.40452765463801	IM_229
1	19170001	29640000	2.15328113559217	IM_229
1	29640001	31170000	1.59289972055835	IM_229
1	31170001	33990000	2.23314293495033	IM_229
1	33990001	35160000	1.55295428606476	IM_229
1	35160001	36990000	2.22131571877941	IM_229
1	36990001	39480000	1.61176311526611	IM_229
1	39480001	58950000	2.11695052573871	IM_229
1	58950001	60330000	2.69022787493152	IM_229
1	60330001	93900000	2.09920785538275	IM_229
1	93900001	95550000	2.58127602208786	IM_229
1	95550001	118380000	2.07040114787608	IM_229
1	118380001	121260000	2.91473574424274	IM_229
1	121320001	152040000	3.59573691262661	IM_229
1	152040001	171180000	3.06553266528141	IM_229
1	171180001	173760000	3.67702150891272	IM_229
1	173760001	249210000	3.02776492342641	IM_229
2	30001	690000	4.70789071614993	IM_229
2	690001	7890000	3.19558006070499	IM_229
2	7890001	27570000	3.86837556011223	IM_229
2	27570001	29010000	4.9140863777264	IM_229
2	29010001	48870000	4.06266559248013	IM_229
2	48870001	52290000	3.3692354420806	IM_229
2	52290001	99240000	4.167665231755	IM_229
2	99240001	103680000	3.16067282432893	IM_229
2	103680001	104550000	2.42926192281384	IM_229
2	104550001	107220000	2.95369583815732	IM_229
2	107220001	108750000	2.379404914892	IM_229
2	108750001	127620000	2.96182845995465	IM_229
2	127620001	226890000	4.01348903459477	IM_229
2	226890001	227790000	4.6620356202662	IM_229
2	227790001	228780000	3.90249401022051	IM_229
2	228780001	230490000	3.15471786941209	IM_229
2	230490001	2.43e+08	3.93170774127323	IM_229
3	90001	187440000	2.93321964911068	IM_229
3	187440001	190800000	3.76807281649252	IM_229
3	190800001	193320000	2.88494969671337	IM_229
3	193320001	195960000	3.63326587926043	IM_229
3	195960001	197820000	3.09815790477767	IM_229
4	90001	124320000	2.02603779300484	IM_229
4	124320001	125190000	3.06080454526323	IM_229
4	125190001	184740000	2.04835823199401	IM_229
4	184740001	190800000	1.00727309800425	IM_229
5	60001	1200000	2.98503879005072	IM_229
5	1200001	5130000	2.29779301512798	IM_229
5	5130001	5520000	3.76797583279427	IM_229
5	5520001	122730000	2.05580099341298	IM_229
5	122730001	125040000	2.52181950930543	IM_229
5	125040001	173040000	1.98165006604065	IM_229
5	173040001	173460000	2.78524734296261	IM_229
5	173460001	175230000	1.488192696783	IM_229
5	175230001	178560000	1.96707849041461	IM_229
5	178560001	179010000	1.40157028222057	IM_229
5	179010001	180690000	2.09314045898048	IM_229
6	210001	160590000	2.07936646763096	IM_229
6	160590001	170910000	2.97406962690237	IM_229
7	30001	13710000	2.91909480783749	IM_229
7	13710001	15300000	1.75418612717799	IM_229
7	15300001	30120000	3.01267903238264	IM_229
7	30120001	32430000	2.01031030484802	IM_229
7	32430001	46170000	2.99581134289869	IM_229
7	46170001	48150000	3.60393881752818	IM_229
7	48150001	115320000	2.95210502734942	IM_229
7	115320001	117990000	4.25481283381035	IM_229
7	117990001	127260000	3.74932945188243	IM_229
7	127260001	131340000	4.5213987046945	IM_229
7	131340001	132060000	3.90747890959663	IM_229
7	132060001	132930000	2.83117556993224	IM_229
7	132930001	144180000	4.00653798285805	IM_229
7	144180001	148290000	3.26180617333094	IM_229
7	148290001	152370000	4.10348457464685	IM_229
7	152370001	159120000	3.29226660663932	IM_229
8	180001	780000	3.68152635900286	IM_229
8	780001	1710000	2.80168861968778	IM_229
8	1710001	2100000	3.6573567840537	IM_229
8	2100001	6210000	2.31538427709166	IM_229
8	6210001	16350000	2.85666777660084	IM_229
8	16350001	17970000	3.55972049460983	IM_229
8	17970001	27120000	2.74230012878841	IM_229
8	27120001	30690000	3.34825251959613	IM_229
8	30690001	37350000	2.63893167189275	IM_229
8	37350001	40110000	3.33034472982967	IM_229
8	40110001	41790000	2.40176413600841	IM_229
8	41790001	42960000	3.17794676878059	IM_229
8	42960001	47640000	2.32978783806655	IM_229
8	47820001	49680000	3.18405716762733	IM_229
8	49680001	54210000	2.60301036078086	IM_229
8	54210001	62820000	3.1274141116992	IM_229
8	62820001	66600000	2.52524189445136	IM_229
8	66600001	87570000	3.09195348179145	IM_229
8	87570001	90630000	2.56167548069312	IM_229
8	90630001	136260000	3.12392096197301	IM_229
8	136260001	136920000	2.21997026893588	IM_229
8	136920001	140760000	1.56877860954086	IM_229
8	140760001	141450000	1.92462016055276	IM_229
8	141450001	142440000	2.46977301153779	IM_229
8	142440001	144660000	1.84488371211251	IM_229
8	144660001	146310000	2.43582795289006	IM_229
9	210001	2010000	2.60159631929139	IM_229
9	2010001	3690000	3.30384457777202	IM_229
9	3690001	4320000	4.36582391766237	IM_229
9	4320001	15420000	3.03673838335607	IM_229
9	15420001	16890000	3.83445416975993	IM_229
9	16890001	17520000	3.23881628748455	IM_229
9	17520001	18210000	2.46052810833673	IM_229
9	18210001	71250000	3.0019632901686	IM_229
9	71250001	80940000	1.99393368834324	IM_229
9	80940001	83010000	1.59582409901627	IM_229
9	83010001	101040000	2.11282712480021	IM_229
9	101040001	137340000	1.60148954837644	IM_229
9	137370001	138270000	1.01451603229161	IM_229
9	138300001	1.41e+08	1.67831044459345	IM_229
10	120001	1410000	3.14051948955068	IM_229
10	1410001	5400000	2.47130892027859	IM_229
10	5400001	6660000	3.42761918899814	IM_229
10	6660001	11490000	2.44730025568223	IM_229
10	11490001	44550000	2.89158416126488	IM_229
10	44550001	45360000	3.71260709318712	IM_229
10	45360001	45510000	5.80294837625196	IM_229
10	45510001	47700000	3.82316358585056	IM_229
10	48300001	50040000	1.94975322612185	IM_229
10	50040001	52590000	8.90816777129336	IM_229
10	52590001	54630000	5.33057303474941	IM_229
10	54630001	55140000	6.91304669340773	IM_229
10	55140001	57210000	5.49867761727679	IM_229
10	57210001	57330000	2.15681664411894	IM_229
10	57360001	57840000	5.94913048867197	IM_229
10	57840001	63750000	2.04825046305775	IM_229
10	63750001	64260000	3.47209289200836	IM_229
10	64260001	64980000	1.88299416834361	IM_229
10	64980001	65340000	2.73732758882462	IM_229
10	65340001	83130000	2.12546519405953	IM_229
10	83130001	84330000	1.70119988929582	IM_229
10	84330001	86880000	5.41734855604171	IM_229
10	86880001	88200000	4.34826476647948	IM_229
10	88200001	90630000	5.6441677718075	IM_229
10	90630001	127740000	2.03376294102931	IM_229
10	127740001	130830000	1.6214276386468	IM_229
10	130830001	131550000	2.31908604393772	IM_229
10	131550001	133920000	1.46647619163722	IM_229
10	133920001	135420000	2.03874182781839	IM_229
11	210001	1410000	4.45066923132068	IM_229
11	1410001	13590000	2.22363381956159	IM_229
11	13590001	14460000	3.4259997274773	IM_229
11	14460001	15630000	5.66082541344054	IM_229
11	15630001	16620000	7.54460843761755	IM_229
11	16620001	20550000	4.96237318918207	IM_229
11	20550001	22620000	2.83366074311289	IM_229
11	22620001	22890000	3.87520706591091	IM_229
11	22890001	26490000	2.91537658172336	IM_229
11	26490001	27540000	3.75968828947821	IM_229
11	27540001	28350000	2.03917193925445	IM_229
11	28350001	30270000	1.64071215321056	IM_229
11	30270001	31380000	2.31473581274726	IM_229
11	31380001	38430000	3.08856783987306	IM_229
11	38460001	46950000	1.91438915467243	IM_229
11	46950001	60570000	2.75383691211126	IM_229
11	60570001	79440000	3.32619434366267	IM_229
11	79440001	81540000	2.46926114622382	IM_229
11	81540001	83550000	2.98136579144854	IM_229
11	83550001	86070000	2.03243863025229	IM_229
11	86070001	86970000	3.20242310335364	IM_229
11	86970001	94500000	1.98058982585891	IM_229
11	94500001	96180000	2.72355205738785	IM_229
11	96180001	111660000	1.97441062482852	IM_229
11	111660001	112920000	2.56769241729701	IM_229
11	112920001	121140000	2.08994672920944	IM_229
11	121140001	122640000	2.64960039262841	IM_229
11	122640001	130800000	2.12100478115514	IM_229
11	130800001	132990000	1.51874455559388	IM_229
11	132990001	134940000	2.14133307000025	IM_229
12	180001	2130000	3.45985532147674	IM_229
12	2130001	5280000	2.68940659583026	IM_229
12	5280001	59730000	3.20931816393401	IM_229
12	59730001	62640000	2.56873605877765	IM_229
12	62640001	112890000	3.04288795825922	IM_229
12	112890001	113490000	2.27058489243803	IM_229
12	113520001	113880000	2.9771769748217	IM_229
12	113880001	116340000	2.11020187956512	IM_229
12	116340001	118830000	2.73178016891396	IM_229
12	118830001	120030000	2.08516061368499	IM_229
12	120030001	126210000	2.95124530544912	IM_229
12	126210001	130530000	2.19125118583904	IM_229
12	130530001	133830000	2.8893293024655	IM_229
13	19530001	20430000	0.0908530035657067	IM_229
13	20460001	44430000	1.54317802129438	IM_229
13	44430001	45210000	2.31557501886524	IM_229
13	45210001	63600000	1.50221092962233	IM_229
13	63600001	72090000	2.54590405308332	IM_229
13	72090001	72450000	4.12059853202688	IM_229
13	72450001	107850000	2.65902434913509	IM_229
13	107850001	110430000	2.11461466451911	IM_229
13	110460001	111960000	2.60426311310389	IM_229
13	111960001	113640000	1.86438876840567	IM_229
13	113640001	115110000	3.01181066069831	IM_229
14	20190001	20280000	7.44857714845253	IM_229
14	20460001	62430000	3.13135173847458	IM_229
14	62430001	63840000	2.4855876937746	IM_229
14	63840001	64980000	3.07136020138351	IM_229
14	64980001	66060000	3.80638041114206	IM_229
14	66060001	68370000	3.05555529858511	IM_229
14	68370001	69150000	4.76164213370047	IM_229
14	69150001	70200000	3.42488945798126	IM_229
14	70200001	97350000	2.89703343142224	IM_229
14	97350001	100440000	2.33219907471955	IM_229
14	100440001	101010000	3.23467763482362	IM_229
14	101010001	102210000	2.15460661813112	IM_229
14	102210001	104070000	3.30798118073645	IM_229
14	104070001	105120000	2.50038225352181	IM_229
14	105120001	107310000	3.36143946947647	IM_229
15	22320001	86340000	2.08251605496906	IM_229
15	86340001	89370000	1.66393525006702	IM_229
15	89370001	96870000	2.00739253403538	IM_229
15	96930001	99180000	1.60451724347631	IM_229
15	99180001	101850000	2.25139301246482	IM_229
15	101850001	102390000	1.7300573345415	IM_229
16	90001	870000	3.41342707760806	IM_229
16	870001	1440000	2.14658620460821	IM_229
16	1440001	5010000	3.29131402063922	IM_229
16	5010001	7380000	2.1231978530727	IM_229
16	7380001	61740000	2.80587975469734	IM_229
16	61740001	61980000	3.43058146733	IM_229
16	61980001	64140000	2.48621973262951	IM_229
16	64140001	65670000	3.42493571566274	IM_229
16	65670001	73080000	4.11593680434524	IM_229
16	73110001	89280000	3.33458897263142	IM_229
16	89280001	90150000	4.21053830225713	IM_229
17	1	2670000	2.15836432307495	IM_229
17	2670001	3690000	1.59617392771634	IM_229
17	3690001	5490000	2.22602794158041	IM_229
17	5490001	6300000	1.39319259390319	IM_229
17	6300001	9630000	2.11581893517286	IM_229
17	9630001	11880000	1.53134276011481	IM_229
17	11880001	31350000	2.09288632484001	IM_229
17	31350001	32880000	1.54709118867691	IM_229
17	32880001	81090000	2.07893222502845	IM_229
18	150001	10740000	1.96809995849472	IM_229
18	10740001	11910000	1.51737890893653	IM_229
18	11910001	7.5e+07	1.99116929202126	IM_229
18	75000001	76800000	1.50929041954653	IM_229
18	76800001	78030000	2.05281511033259	IM_229
19	270001	11970000	1.98161472022829	IM_229
19	11970001	13830000	7.26499543518605	IM_229
19	13830001	14700000	12.1949766847276	IM_229
19	14700001	15540000	9.16639047710663	IM_229
19	15540001	15990000	6.60950873232031	IM_229
19	15990001	17010000	9.30485111133654	IM_229
19	17010001	20190000	7.22261904506142	IM_229
19	20280001	24360000	3.08527189504278	IM_229
19	28320001	48120000	2.01009673908923	IM_229
19	48120001	48750000	0.851025867230036	IM_229
19	48780001	56370000	1.98599995342995	IM_229
19	56370001	57600000	0.966807949998395	IM_229
19	57600001	58200000	2.239518421143	IM_229
19	58200001	58830000	1.24233134549424	IM_229
19	58830001	59100000	2.66376293403463	IM_229
20	60001	40380000	3.9044678514494	IM_229
20	40380001	42540000	2.93112020046261	IM_229
20	42540001	46290000	4.1973824797228	IM_229
20	46290001	47250000	2.95644850791404	IM_229
20	47250001	48690000	3.91824912154281	IM_229
20	48690001	49440000	5.00754409825476	IM_229
20	49440001	50220000	4.09837747948802	IM_229
20	50220001	52200000	3.08514009334175	IM_229
20	52230001	52530000	4.37855923406201	IM_229
20	52530001	53580000	3.43502725395552	IM_229
20	53580001	5.4e+07	4.90806007242545	IM_229
20	54000001	60690000	3.27387405323865	IM_229
20	60690001	62910000	3.90718268904358	IM_229
21	15480001	19620000	3.45939043568785	IM_229
21	19620001	25740000	2.69943463101178	IM_229
21	25740001	30810000	3.23625181454	IM_229
21	30810001	32430000	2.51156604298378	IM_229
21	32430001	38970000	3.18276324245574	IM_229
21	38970001	39510000	2.31786452168459	IM_229
21	39510001	41580000	2.96006330448248	IM_229
21	41580001	42510000	2.22737519048031	IM_229
21	42510001	45240000	3.5585890288242	IM_229
21	45240001	48090000	2.99641759651298	IM_229
22	17280001	47910000	1.04396966744869	IM_229
22	47910001	49860000	0.707006593048651	IM_229
22	49860001	51180000	1.09048155556178	IM_229
1	840001	62130000	2.93613221928409	JBLAB-4940
1	62130001	62880000	2.20406073399854	JBLAB-4940
1	62880001	93510000	3.01000539894072	JBLAB-4940
1	93510001	100320000	4.05791519024802	JBLAB-4940
1	100320001	100770000	2.75742674767463	JBLAB-4940
1	100770001	116940000	3.99102208477763	JBLAB-4940
1	116940001	119670000	3.32063227395189	JBLAB-4940
1	119670001	249210000	3.92394985333098	JBLAB-4940
2	30001	22050000	2.28274794492186	JBLAB-4940
2	22050001	50400000	4.02016200903902	JBLAB-4940
2	50400001	54870000	3.00201300394252	JBLAB-4940
2	54870001	59100000	4.01716410665695	JBLAB-4940
2	59100001	60990000	6.18203006906279	JBLAB-4940
2	60990001	62610000	3.46416478575146	JBLAB-4940
2	62610001	80520000	4.16586874732506	JBLAB-4940
2	80520001	83280000	3.33755967773685	JBLAB-4940
2	83280001	86370000	4.22932176162638	JBLAB-4940
2	86370001	100800000	3.18128412907438	JBLAB-4940
2	100800001	129990000	2.1681955511623	JBLAB-4940
2	130020001	135630000	3.37454084361471	JBLAB-4940
2	135630001	136770000	2.65392267509953	JBLAB-4940
2	136770001	165210000	4.07926010448639	JBLAB-4940
2	165210001	166800000	2.93688012765643	JBLAB-4940
2	166800001	228810000	3.98404962250353	JBLAB-4940
2	228810001	2.43e+08	3.20147341923152	JBLAB-4940
3	90001	138270000	3.04147902219628	JBLAB-4940
3	138270001	138960000	3.97509249297004	JBLAB-4940
3	138960001	141690000	5.28803422001681	JBLAB-4940
3	141690001	142380000	6.69524688892299	JBLAB-4940
3	142410001	143460000	8.34248227986257	JBLAB-4940
3	143460001	145020000	5.9515469981137	JBLAB-4940
3	145020001	146010000	7.06573354397352	JBLAB-4940
3	146010001	148320000	8.43937875534951	JBLAB-4940
3	148320001	149190000	9.90864599026656	JBLAB-4940
3	149190001	150060000	7.9014857851558	JBLAB-4940
3	150060001	151050000	6.78193668963584	JBLAB-4940
3	151050001	151320000	6.1278805774236	JBLAB-4940
3	151320001	152280000	4.9408639052231	JBLAB-4940
3	152280001	152670000	7.11586702316649	JBLAB-4940
3	152670001	157890000	4.94539158266645	JBLAB-4940
3	157890001	161850000	6.14412727668292	JBLAB-4940
3	161850001	161970000	12.6544176385862	JBLAB-4940
3	161970001	164220000	5.84984352241597	JBLAB-4940
3	164220001	165060000	7.48324753984853	JBLAB-4940
3	165060001	165960000	9.54276806167163	JBLAB-4940
3	165960001	171660000	7.47440507110004	JBLAB-4940
3	171660001	173340000	6.15348825292004	JBLAB-4940
3	173340001	174840000	3.76755257939142	JBLAB-4940
3	174840001	184740000	4.86720072673362	JBLAB-4940
3	184740001	191220000	4.05034273965401	JBLAB-4940
3	191220001	195840000	3.06717191482138	JBLAB-4940
3	195840001	197820000	3.92746296701757	JBLAB-4940
4	90001	1620000	3.95164479172863	JBLAB-4940
4	1620001	49080000	2.94859244979741	JBLAB-4940
4	52710001	56160000	7.23202378678236	JBLAB-4940
4	56160001	58020000	6.44999407862684	JBLAB-4940
4	58020001	61410000	7.615328751934	JBLAB-4940
4	61410001	64740000	5.8644680299526	JBLAB-4940
4	64740001	66090000	7.19870379214653	JBLAB-4940
4	66090001	69780000	5.09403811710632	JBLAB-4940
4	69780001	69960000	6.68446907774291	JBLAB-4940
4	69960001	71850000	2.06393429141902	JBLAB-4940
4	71850001	107760000	3.03171591655268	JBLAB-4940
4	107760001	128640000	2.11783332607164	JBLAB-4940
4	128640001	151350000	3.06614255374587	JBLAB-4940
4	151350001	151860000	0.994963689235222	JBLAB-4940
4	151860001	190800000	3.02245470554689	JBLAB-4940
5	60001	2040000	7.42210219526211	JBLAB-4940
5	2040001	8430000	6.05008990162049	JBLAB-4940
5	8430001	22530000	4.83743632941667	JBLAB-4940
5	22530001	38220000	3.92597839337881	JBLAB-4940
5	38220001	40680000	3.20980955086777	JBLAB-4940
5	40680001	44100000	3.89490555236319	JBLAB-4940
5	44100001	45900000	4.99843777562429	JBLAB-4940
5	49560001	64800000	2.13582045421266	JBLAB-4940
5	64800001	65190000	1.28700900155891	JBLAB-4940
5	65190001	117450000	2.1454205876963	JBLAB-4940
5	117450001	180690000	3.01809513673281	JBLAB-4940
6	210001	55680000	3.17016551910312	JBLAB-4940
6	55680001	63540000	4.06629690212044	JBLAB-4940
6	63600001	148680000	3.02116436973639	JBLAB-4940
6	148680001	154440000	4.89210048986503	JBLAB-4940
6	154440001	161370000	4.04007171840001	JBLAB-4940
6	161370001	170910000	3.22669054162269	JBLAB-4940
7	30001	157230000	2.27448223840904	JBLAB-4940
7	157230001	159120000	3.10373561199706	JBLAB-4940
8	180001	36780000	1.13278782549447	JBLAB-4940
8	36780001	39060000	3.0703503726407	JBLAB-4940
8	39060001	40380000	5.02686542811824	JBLAB-4940
8	40380001	41610000	3.88790488655171	JBLAB-4940
8	41610001	58470000	4.81761897347347	JBLAB-4940
8	58470001	76500000	4.10428048431744	JBLAB-4940
8	76500001	143310000	5.08707707082127	JBLAB-4940
8	143310001	146310000	6.00993357890253	JBLAB-4940
9	210001	17100000	1.16215703128022	JBLAB-4940
9	17100001	18870000	2.75463706643735	JBLAB-4940
9	18870001	19440000	5.46515807002803	JBLAB-4940
9	19440001	20370000	7.73641226830382	JBLAB-4940
9	20370001	26370000	3.58271458006418	JBLAB-4940
9	26370001	1.41e+08	2.11262663042598	JBLAB-4940
10	120001	1770000	4.57071098369408	JBLAB-4940
10	1770001	45210000	3.72019855087548	JBLAB-4940
10	45210001	127260000	3.01942943423567	JBLAB-4940
10	127260001	134340000	2.12868906581413	JBLAB-4940
10	134340001	135420000	2.87545133287979	JBLAB-4940
11	210001	2160000	2.6912869310781	JBLAB-4940
11	2160001	19290000	2.1728238601966	JBLAB-4940
11	19290001	24660000	4.04367786044844	JBLAB-4940
11	24660001	27720000	6.3680326541419	JBLAB-4940
11	27720001	28290000	7.86593189978349	JBLAB-4940
11	28290001	32130000	6.07829944493573	JBLAB-4940
11	32130001	33390000	4.2284540146581	JBLAB-4940
11	33390001	37170000	5.00309777501807	JBLAB-4940
11	37170001	40080000	3.94370952333079	JBLAB-4940
11	40080001	41100000	4.93224988779706	JBLAB-4940
11	41100001	46770000	3.92894777393192	JBLAB-4940
11	46770001	64470000	2.02256869460336	JBLAB-4940
11	64470001	67410000	4.9363380133748	JBLAB-4940
11	67410001	70770000	7.69761388232995	JBLAB-4940
11	70770001	77790000	4.25671972684779	JBLAB-4940
11	77790001	80760000	7.05915897041485	JBLAB-4940
11	80760001	83940000	4.03376420301495	JBLAB-4940
11	83940001	85110000	7.13810706483649	JBLAB-4940
11	85200001	90480000	4.0034356599135	JBLAB-4940
11	90480001	92010000	5.05216836495319	JBLAB-4940
11	92010001	99300000	4.05074378082986	JBLAB-4940
11	99300001	101640000	6.9229933179876	JBLAB-4940
11	101640001	107640000	5.84978482185337	JBLAB-4940
11	107640001	108450000	5.09951039740145	JBLAB-4940
11	108450001	110190000	3.03853540770981	JBLAB-4940
11	110190001	121140000	4.93579284572602	JBLAB-4940
11	121140001	121740000	8.75901739238967	JBLAB-4940
11	121740001	128580000	5.02021876644038	JBLAB-4940
11	128580001	134940000	3.18432743764311	JBLAB-4940
12	180001	26160000	2.10203335915984	JBLAB-4940
12	26160001	31500000	3.13193702604673	JBLAB-4940
12	31500001	33150000	2.53950088975157	JBLAB-4940
12	33150001	34080000	3.26858915307681	JBLAB-4940
12	34080001	56100000	4.04974120899365	JBLAB-4940
12	56100001	57690000	6.23252643694946	JBLAB-4940
12	57690001	60660000	5.11234427903706	JBLAB-4940
12	60660001	120480000	2.88772255754756	JBLAB-4940
12	120480001	129480000	3.60695417832657	JBLAB-4940
12	129510001	133830000	4.34906614637512	JBLAB-4940
13	19530001	21360000	2.08666296380629	JBLAB-4940
13	21360001	24900000	1.17080341945287	JBLAB-4940
13	25170001	64740000	2.13504064501442	JBLAB-4940
13	64740001	114030000	1.14863553238562	JBLAB-4940
13	114030001	115110000	1.80863164517504	JBLAB-4940
14	20190001	20670000	3.9618215515001	JBLAB-4940
14	20670001	32910000	3.10076821895199	JBLAB-4940
14	32910001	33690000	5.05090191552646	JBLAB-4940
14	33690001	35550000	3.15467086445157	JBLAB-4940
14	35550001	45840000	4.02801093553105	JBLAB-4940
14	45840001	46620000	7.92621508383365	JBLAB-4940
14	46620001	47820000	6.04157285102586	JBLAB-4940
14	47820001	48600000	2.06127756353143	JBLAB-4940
14	48600001	107310000	3.01934047381135	JBLAB-4940
15	22320001	102390000	2.65130075853963	JBLAB-4940
16	90001	1260000	2.15617101232196	JBLAB-4940
16	1290001	2280000	4.97888622788634	JBLAB-4940
16	2280001	3900000	2.13184451125557	JBLAB-4940
16	3900001	4500000	4.24899373607397	JBLAB-4940
16	4500001	34860000	1.92858593661431	JBLAB-4940
16	34950001	64800000	2.9730004467284	JBLAB-4940
16	64800001	90150000	1.97918962786145	JBLAB-4940
17	1	630000	8.77457850920115	JBLAB-4940
17	630001	990000	3.98589185077971	JBLAB-4940
17	990001	2040000	12.2803607871822	JBLAB-4940
17	2040001	2610000	6.8594198946019	JBLAB-4940
17	2610001	2850000	2.49762726535322	JBLAB-4940
17	2850001	3570000	5.11976330803301	JBLAB-4940
17	3570001	4800000	2.80087162457118	JBLAB-4940
17	4800001	6900000	4.81103891910478	JBLAB-4940
17	6900001	9870000	8.20314948970286	JBLAB-4940
17	9870001	11790000	4.16941998718549	JBLAB-4940
17	11790001	12750000	0.133756902819265	JBLAB-4940
17	12750001	13050000	5.2270239598822	JBLAB-4940
17	13050001	14010000	11.1665146335661	JBLAB-4940
17	14010001	14460000	6.11799799890835	JBLAB-4940
17	14460001	14700000	13.3842948282973	JBLAB-4940
17	14700001	15390000	5.68823699405671	JBLAB-4940
17	15390001	17520000	1.46869778597657	JBLAB-4940
17	17520001	17760000	0.13877242134202	JBLAB-4940
17	17760001	21450000	2.10494167399504	JBLAB-4940
17	22110001	56130000	2.96707875517478	JBLAB-4940
17	56130001	65670000	3.63854647392972	JBLAB-4940
17	65670001	81090000	3.00050427228353	JBLAB-4940
18	150001	19590000	2.93397690250583	JBLAB-4940
18	19590001	19980000	4.70841944999219	JBLAB-4940
18	19980001	20490000	6.9980136433241	JBLAB-4940
18	20490001	23370000	4.35139068515521	JBLAB-4940
18	23370001	25440000	3.00512015965179	JBLAB-4940
18	25440001	26190000	2.14487381770341	JBLAB-4940
18	26190001	2.7e+07	3.25647810022511	JBLAB-4940
18	27000001	27720000	4.61267708216554	JBLAB-4940
18	27720001	37290000	2.24268157962218	JBLAB-4940
18	37290001	37710000	6.3964004920527	JBLAB-4940
18	37710001	38400000	4.07292708274818	JBLAB-4940
18	38400001	39930000	9.30098458713903	JBLAB-4940
18	39930001	57540000	2.11845533210823	JBLAB-4940
18	57540001	62880000	2.95763137676899	JBLAB-4940
18	62880001	64140000	2.06512829555571	JBLAB-4940
18	64140001	77190000	1.20709402815131	JBLAB-4940
18	77190001	78030000	1.67950201471507	JBLAB-4940
19	270001	1380000	3.16912253006757	JBLAB-4940
19	1380001	12780000	2.1440928058399	JBLAB-4940
19	12780001	14670000	2.89594391409377	JBLAB-4940
19	14670001	14880000	4.38352292005315	JBLAB-4940
19	14880001	15360000	6.14100835299766	JBLAB-4940
19	15360001	21720000	3.92424668563469	JBLAB-4940
19	21720001	59100000	2.1736086770442	JBLAB-4940
20	60001	510000	2.4464156154072	JBLAB-4940
20	510001	14790000	3.04246047792596	JBLAB-4940
20	14790001	19380000	2.01825003934725	JBLAB-4940
20	19380001	62910000	3.95099980351039	JBLAB-4940
21	15480001	44100000	2.9736636122991	JBLAB-4940
21	44100001	48090000	3.68821985239903	JBLAB-4940
22	17280001	51180000	3.01120498251115	JBLAB-4940
1	840001	1500000	3.8262033657525	JBLAB-4941
1	1500001	93360000	2.90210268212614	JBLAB-4941
1	93360001	117120000	3.96858938773882	JBLAB-4941
1	117210001	119640000	3.17843981070507	JBLAB-4941
1	119640001	121350000	4.80557932639296	JBLAB-4941
1	145380001	248280000	3.94030989728015	JBLAB-4941
1	248280001	249210000	4.78709810710913	JBLAB-4941
2	30001	4380000	2.37498199926949	JBLAB-4941
2	4380001	6150000	2.9682728877001	JBLAB-4941
2	6150001	22050000	2.0903172684017	JBLAB-4941
2	22050001	32070000	4.04733797981749	JBLAB-4941
2	32070001	32940000	3.04048025169458	JBLAB-4941
2	32940001	50400000	4.01957828967327	JBLAB-4941
2	50400001	54900000	3.02624396564927	JBLAB-4941
2	54900001	59040000	4.04753725257103	JBLAB-4941
2	59040001	61110000	6.01217989365328	JBLAB-4941
2	61110001	62580000	3.28899523716071	JBLAB-4941
2	62580001	80490000	4.1659003066539	JBLAB-4941
2	80490001	83370000	3.33676293965313	JBLAB-4941
2	83370001	85770000	4.1685720696111	JBLAB-4941
2	85770001	86370000	5.11875430903564	JBLAB-4941
2	86370001	100680000	3.20843022814475	JBLAB-4941
2	100680001	130050000	2.08157514212671	JBLAB-4941
2	130050001	135570000	3.28660927359077	JBLAB-4941
2	135570001	136770000	2.64359207129407	JBLAB-4941
2	136770001	165210000	4.05531198285586	JBLAB-4941
2	165210001	166800000	2.96589053498787	JBLAB-4941
2	166800001	228810000	4.04380154828483	JBLAB-4941
2	228810001	2.43e+08	3.14788081911082	JBLAB-4941
3	90001	138360000	3.04988118626857	JBLAB-4941
3	138360001	138960000	4.14238863756437	JBLAB-4941
3	138960001	141750000	5.43717066526349	JBLAB-4941
3	141780001	142440000	6.8302262689644	JBLAB-4941
3	142440001	143490000	8.31227463236007	JBLAB-4941
3	143490001	145050000	6.27562857729958	JBLAB-4941
3	145050001	146010000	7.41928021748517	JBLAB-4941
3	146010001	148290000	8.57029867268168	JBLAB-4941
3	148290001	149070000	10.3973781819485	JBLAB-4941
3	149070001	150060000	8.40844832112725	JBLAB-4941
3	150060001	151290000	7.12393708201211	JBLAB-4941
3	151290001	152250000	5.19777590574823	JBLAB-4941
3	152250001	152670000	7.08341346105594	JBLAB-4941
3	152670001	157890000	5.09698270830837	JBLAB-4941
3	157890001	161070000	6.24075746659808	JBLAB-4941
3	161070001	161970000	7.88930885843956	JBLAB-4941
3	161970001	164220000	6.42635873233907	JBLAB-4941
3	164220001	165030000	8.09171907025661	JBLAB-4941
3	165030001	166080000	9.69041567691361	JBLAB-4941
3	166080001	171660000	7.74558717857767	JBLAB-4941
3	171660001	173310000	6.41474614258878	JBLAB-4941
3	173310001	175050000	4.07517483475911	JBLAB-4941
3	175050001	184650000	4.98089409297327	JBLAB-4941
3	184650001	191100000	3.97175305620536	JBLAB-4941
3	191100001	196620000	3.09862097725529	JBLAB-4941
3	196650001	197820000	3.91378269212549	JBLAB-4941
4	90001	1350000	3.69315316567873	JBLAB-4941
4	1350001	49080000	3.01402993277836	JBLAB-4941
4	52710001	61440000	7.40633182611894	JBLAB-4941
4	61440001	64740000	6.11217666413479	JBLAB-4941
4	64740001	66150000	7.7320607866613	JBLAB-4941
4	66150001	69960000	5.33146885237168	JBLAB-4941
4	69960001	71850000	1.94891043023266	JBLAB-4941
4	71850001	107700000	3.06156974083184	JBLAB-4941
4	107700001	129060000	2.04206295512673	JBLAB-4941
4	129060001	151320000	3.13300410519701	JBLAB-4941
4	151320001	151860000	0.777422084793707	JBLAB-4941
4	151860001	190800000	3.03785352830131	JBLAB-4941
5	60001	1890000	7.43436707736948	JBLAB-4941
5	1890001	8340000	6.29636378367601	JBLAB-4941
5	8340001	22350000	5.13528727467998	JBLAB-4941
5	22350001	38220000	4.07702337569073	JBLAB-4941
5	38220001	40980000	3.1802515839604	JBLAB-4941
5	40980001	44100000	3.96888593853544	JBLAB-4941
5	44100001	45900000	5.04209734110183	JBLAB-4941
5	49560001	64860000	2.06606456283664	JBLAB-4941
5	64860001	65220000	0.974350624286727	JBLAB-4941
5	65220001	117420000	2.05213894438112	JBLAB-4941
5	117420001	180690000	3.01580535458496	JBLAB-4941
6	210001	55650000	3.09736526121666	JBLAB-4941
6	55650001	63540000	4.07177840103707	JBLAB-4941
6	63600001	148740000	3.02548837285716	JBLAB-4941
6	148740001	154500000	5.04542488191412	JBLAB-4941
6	154500001	161340000	4.08332095191974	JBLAB-4941
6	161340001	170910000	3.22089370498895	JBLAB-4941
7	30001	84780000	2.04206295512673	JBLAB-4941
7	84780001	157230000	2.57294263911705	JBLAB-4941
7	157230001	159120000	3.20974847484612	JBLAB-4941
8	180001	1680000	1.3503549327069	JBLAB-4941
8	1680001	36720000	0.946984666453101	JBLAB-4941
8	36720001	39030000	2.92348273068799	JBLAB-4941
8	39030001	58260000	4.83930629370885	JBLAB-4941
8	58260001	76530000	4.07772291208549	JBLAB-4941
8	76530001	143700000	5.16803477949571	JBLAB-4941
8	143700001	146310000	6.4483387491956	JBLAB-4941
9	210001	17100000	1.01418522977722	JBLAB-4941
9	17100001	17940000	3.24510034498108	JBLAB-4941
9	17940001	18090000	5.52548405434877	JBLAB-4941
9	18090001	18840000	3.78246906368119	JBLAB-4941
9	18840001	19410000	5.57621254578565	JBLAB-4941
9	19410001	20190000	7.36613338582312	JBLAB-4941
9	20190001	20370000	5.92959767749407	JBLAB-4941
9	20370001	24330000	3.89846032749213	JBLAB-4941
9	24330001	26610000	2.69363307215254	JBLAB-4941
9	26610001	139590000	2.04499521742793	JBLAB-4941
9	139590001	1.41e+08	2.59276307459455	JBLAB-4941
10	120001	1860000	4.60386519624477	JBLAB-4941
10	1860001	42900000	3.74405235948421	JBLAB-4941
10	42990001	43830000	4.82285880155205	JBLAB-4941
10	43830001	69570000	3.12296633403378	JBLAB-4941
10	69570001	71070000	2.3838915471626	JBLAB-4941
10	71070001	127260000	3.03847674053212	JBLAB-4941
10	127260001	134460000	2.14162187069826	JBLAB-4941
10	134460001	135420000	2.72690046179216	JBLAB-4941
11	210001	19290000	2.13327631176522	JBLAB-4941
11	19290001	24660000	4.16469068072319	JBLAB-4941
11	24660001	32100000	6.49634770915049	JBLAB-4941
11	32100001	33300000	4.49610959254589	JBLAB-4941
11	33300001	37170000	5.2347903578909	JBLAB-4941
11	37170001	46470000	4.23787619335633	JBLAB-4941
11	46470001	46800000	3.36755220682021	JBLAB-4941
11	46800001	64470000	2.04368323892276	JBLAB-4941
11	64470001	67350000	4.98306483058911	JBLAB-4941
11	67350001	70800000	8.14471122982521	JBLAB-4941
11	70800001	74250000	4.94816415459613	JBLAB-4941
11	74250001	77580000	4.00299919191412	JBLAB-4941
11	77670001	80760000	7.20707116746223	JBLAB-4941
11	80760001	83940000	4.12831762322706	JBLAB-4941
11	83940001	85110000	7.16272236283637	JBLAB-4941
11	85200001	90570000	4.05197209697461	JBLAB-4941
11	90570001	92070000	5.06289594132683	JBLAB-4941
11	92070001	99300000	4.10504271946502	JBLAB-4941
11	99300001	101610000	7.14762816822698	JBLAB-4941
11	101610001	107490000	6.0826050530296	JBLAB-4941
11	107490001	108450000	5.18778059648724	JBLAB-4941
11	108450001	110250000	3.04284058622924	JBLAB-4941
11	110280001	121110000	5.00593589337379	JBLAB-4941
11	121110001	121740000	8.49190362917263	JBLAB-4941
11	121740001	128520000	5.0212802681303	JBLAB-4941
11	128520001	134940000	3.15849129535391	JBLAB-4941
12	180001	26130000	1.95612915930996	JBLAB-4941
12	26130001	31410000	3.13764454593993	JBLAB-4941
12	31410001	33120000	2.43136388645141	JBLAB-4941
12	33120001	33990000	3.20583979895189	JBLAB-4941
12	33990001	50580000	4.04783616913619	JBLAB-4941
12	50580001	51150000	2.88396731473365	JBLAB-4941
12	51150001	56220000	4.07762297534087	JBLAB-4941
12	56220001	60660000	5.34901534921884	JBLAB-4941
12	60660001	120420000	2.87759731069654	JBLAB-4941
12	120420001	124290000	3.49049338931996	JBLAB-4941
12	124290001	133830000	4.08502097197916	JBLAB-4941
13	19530001	21390000	1.88716111112701	JBLAB-4941
13	21390001	24900000	1.02743858595722	JBLAB-4941
13	25170001	64680000	2.0459986884144	JBLAB-4941
13	64680001	115110000	1.02439548184853	JBLAB-4941
14	20190001	31290000	3.09279251017731	JBLAB-4941
14	31290001	31980000	2.22227954567344	JBLAB-4941
14	31980001	32940000	3.22672243526053	JBLAB-4941
14	32970001	33660000	5.1542646360972	JBLAB-4941
14	33660001	36360000	3.35052592973683	JBLAB-4941
14	36360001	45930000	4.20271071534908	JBLAB-4941
14	45960001	46620000	9.26342732510806	JBLAB-4941
14	46620001	47820000	6.20620897797802	JBLAB-4941
14	47820001	48600000	2.06184480485986	JBLAB-4941
14	48600001	107310000	2.97807459687244	JBLAB-4941
15	22320001	102390000	2.66852702971125	JBLAB-4941
16	90001	1260000	2.29087390316912	JBLAB-4941
16	1290001	2280000	5.40219452556627	JBLAB-4941
16	2280001	3900000	2.15866123162664	JBLAB-4941
16	3900001	4500000	4.553357508013	JBLAB-4941
16	4500001	34860000	1.87200525040375	JBLAB-4941
16	34950001	64800000	2.98620779288732	JBLAB-4941
16	64800001	90150000	1.93984273395913	JBLAB-4941
17	1	630000	9.45113971139504	JBLAB-4941
17	630001	990000	4.15199822692623	JBLAB-4941
17	990001	2040000	13.7706531720772	JBLAB-4941
17	2040001	3540000	5.32203515192817	JBLAB-4941
17	3540001	4800000	2.91892137826148	JBLAB-4941
17	4800001	6900000	4.73852677044089	JBLAB-4941
17	6900001	7500000	8.92487809879743	JBLAB-4941
17	7500001	8610000	7.12368388876904	JBLAB-4941
17	8610001	9900000	8.52992902581068	JBLAB-4941
17	9900001	11790000	4.00002384020954	JBLAB-4941
17	11790001	12780000	0.0600868420647629	JBLAB-4941
17	12780001	13050000	5.63479749011423	JBLAB-4941
17	13050001	14010000	11.4374676713012	JBLAB-4941
17	14010001	14460000	6.15831329684979	JBLAB-4941
17	14460001	14700000	13.9323333015542	JBLAB-4941
17	14700001	15300000	6.07043957082945	JBLAB-4941
17	15300001	15570000	3.5140544243113	JBLAB-4941
17	15810001	16920000	0.921553878909624	JBLAB-4941
17	16920001	17490000	1.97505414395987	JBLAB-4941
17	17490001	17760000	0.20321348975128	JBLAB-4941
17	17760001	21450000	2.07497830088601	JBLAB-4941
17	22110001	54870000	2.96073124992799	JBLAB-4941
17	54870001	65640000	3.64114587956854	JBLAB-4941
17	65640001	81090000	3.05277943178714	JBLAB-4941
18	150001	19260000	2.8777281480313	JBLAB-4941
18	19260001	19890000	4.17522929767621	JBLAB-4941
18	19890001	20550000	6.50461771627634	JBLAB-4941
18	20550001	21870000	4.84697547728472	JBLAB-4941
18	21870001	23370000	4.05820412572751	JBLAB-4941
18	23370001	25440000	2.9973160626674	JBLAB-4941
18	25440001	26280000	2.16342015831573	JBLAB-4941
18	26280001	2.7e+07	3.11577193921302	JBLAB-4941
18	27000001	27720000	4.70981157386714	JBLAB-4941
18	27720001	37290000	2.04464790111941	JBLAB-4941
18	37290001	37710000	6.02411837743756	JBLAB-4941
18	37710001	38310000	3.80635227478701	JBLAB-4941
18	38310001	38940000	7.64759581638394	JBLAB-4941
18	38940001	39930000	10.1023574987945	JBLAB-4941
18	39930001	57540000	2.03262001267187	JBLAB-4941
18	57540001	61770000	3.01150064182517	JBLAB-4941
18	61770001	62100000	2.04839225684223	JBLAB-4941
18	62100001	62850000	3.03981235887907	JBLAB-4941
18	62850001	64290000	1.96925972303218	JBLAB-4941
18	64290001	78030000	1.01806578013822	JBLAB-4941
19	270001	1320000	3.50351246056159	JBLAB-4941
19	1320001	12900000	2.05844017595301	JBLAB-4941
19	12900001	14670000	2.98116775869553	JBLAB-4941
19	14670001	15390000	5.44612689879583	JBLAB-4941
19	15390001	19230000	4.29095024591373	JBLAB-4941
19	19230001	20010000	3.1003703340967	JBLAB-4941
19	20010001	21750000	4.48800024950508	JBLAB-4941
19	21960001	59100000	2.06982223635433	JBLAB-4941
20	60001	540000	2.204393743814	JBLAB-4941
20	540001	14790000	3.04163806466726	JBLAB-4941
20	14790001	19350000	2.10129178316495	JBLAB-4941
20	19350001	62910000	4.00815858168144	JBLAB-4941
21	15480001	48090000	3.04956912997314	JBLAB-4941
22	17280001	51180000	3.06246269578106	JBLAB-4941
